0.0,-24.50943592477222,15.04119213057561,12.619521992445994,-9.2760999999999996,-8.0254999999999992,-0.1938,1.2623,1.0
1.0,-4.873178242248656,-3.3829173688421417,29.691997007138092,-6.6677999999999997,-6.3200000000000003,-1.804,-1.7324999999999999,14.0
2.0,9.7238484536761884,-18.191000564643126,9.6234219320418468,-8.7573000000000008,-8.1433999999999997,-0.88390000000000002,0.48549999999999999,1.0
3.0,-7.5479502289787623,-2.609061224568745,1.8055376596455535,-6.7443,-6.3766999999999996,-2.3517000000000001,-1.5924,11.0
4.0,-18.468281975638281,16.788870101815665,-4.5045985039228738,-9.2380999999999993,-7.8253000000000004,-0.25419999999999998,1.1728000000000001,1.0
5.0,-24.206501251172732,16.421556300193156,-7.8036932589617951,-8.2566000000000006,-7.0388999999999999,-0.17180000000000001,0.1789,1.0
6.0,-21.90482082135085,24.611960428818321,-8.2216683260359318,-9.5451999999999995,-8.1937999999999995,-0.38550000000000001,1.0829,1.0
7.0,-18.410727178700458,12.05215879248248,-20.847408353540118,-6.6599000000000004,-6.6073000000000004,-2.5525000000000002,-1.8535999999999999,14.0
8.0,-0.37028020222799729,-12.222991954302925,-16.647368036304805,-9.3985000000000003,-8.0996000000000006,-0.69210000000000005,0.92020000000000002,1.0
9.0,-13.473798378633411,-22.13999003211153,-30.512724395624335,-6.7089999999999996,-6.5872999999999999,-1.8048,-1.7493000000000001,15.0
10.0,-18.880332186693714,-21.068478703175707,32.699636261825482,-9.3399000000000001,-7.8620999999999999,-0.56950000000000001,0.7097,1.0
12.0,-15.474659640175169,-23.29174630467859,-21.054361124520597,-6.7331000000000003,-6.5321999999999996,-1.7285999999999999,-1.6073,14.0
13.0,25.484263992607879,-17.677311506160422,-31.099779175248873,-6.6904000000000003,-6.4294000000000002,-1.8836999999999999,-1.7553000000000001,14.0
14.0,-40.139800022701131,-38.608118707725801,-34.208284713308807,-9.4545999999999992,-7.7415000000000003,-0.39179999999999998,0.91910000000000003,1.0
22.0,3.3525397459423427,-18.504998545560486,7.4352998037210165,-6.8193999999999999,-6.4431000000000003,-2.262,-1.6104000000000001,12.0
23.0,21.05455103640902,-30.341909069614243,22.203730201491215,-9.6533999999999995,-8.0417000000000005,-0.24249999999999999,1.3972,1.0
24.0,21.963970338076933,-33.398868892097305,29.295286389722651,-8.5373999999999999,-7.2497999999999996,-0.94479999999999997,0.2021,2.0
26.0,32.769329841061584,-28.431372095850886,-8.5997129241794443,-7.2037000000000004,-7.0602,-1.8915,-1.3863000000000001,8.0
28.0,23.827523087314777,-8.639997491836839,-5.7529157053468323,-8.8971999999999998,-7.5198,-0.50109999999999999,0.74199999999999999,1.0
29.0,14.043370445821466,-2.3626326411770835,-1.7508450297866667,-7.4477000000000002,-6.8662000000000001,-1.5577000000000001,-1.095,5.0
30.0,7.231971406394913,9.6204008415582081,-0.98227288550495895,-9.3452000000000002,-8.0159000000000002,-0.29380000000000001,1.2539,1.0
31.0,-12.834173140131933,6.1592529864700802,12.271123804385637,-6.7210999999999999,-6.5743999999999998,-2.3361999999999998,-1.6474,14.0
32.0,-26.186255000692455,32.204642659315709,6.4192313298484063,-9.5332000000000008,-8.1184999999999992,-0.58509999999999995,1.0013000000000001,1.0
33.0,41.805529642075435,37.695918285657577,26.706786883676681,-9.4451000000000001,-8.2714999999999996,-1.2718,0.81559999999999999,1.0
37.0,-39.507117145146132,-40.81183045638933,27.440640815504743,-9.2836999999999996,-7.8472,-0.36919999999999997,0.37709999999999999,1.0
41.0,28.180972280760574,-18.335782658991786,30.238873848415825,-6.8625999999999996,-6.4539999999999997,-2.2999000000000001,-1.881,13.0
42.0,0.99201767492314219,-14.740306028007858,-0.49595017080823178,-6.6619999999999999,-6.4741999999999997,-1.7874000000000001,-1.6618999999999999,15.0
43.0,13.464216763591384,-30.727300823533334,-29.962926764516137,-6.7233999999999998,-6.5633999999999997,-1.8517999999999999,-1.6875,15.0
44.0,-20.128169372696174,-24.513008691012665,2.3327935766293342,-9.4593000000000007,-8.2512000000000008,-0.078799999999999995,1.4486000000000001,1.0
45.0,-20.585113602207631,-17.952266250659004,-2.4521958551467762,-7.8521999999999998,-7.4930000000000003,-0.60150000000000003,-0.44290000000000002,2.0
46.0,-24.065362388179974,-11.051357491050085,-17.931201370986621,-6.7062999999999997,-6.4707999999999997,-1.6877,-1.3384,7.0
47.0,-31.751414981423384,-0.84138279171903019,-38.785063315413211,-7.3033999999999999,-6.8349000000000002,-1.7917000000000001,-1.2250000000000001,5.0
49.0,-22.482393946021418,18.400039556908212,-28.495281077031944,-6.6448999999999998,-6.5819999999999999,-1.917,-1.7831999999999999,14.0
50.0,-37.875195816506512,-38.101498286647349,-30.166258653750884,-9.1957000000000004,-8.4442000000000004,-0.69889999999999997,0.76559999999999995,1.0
54.0,3.9650536582426503,-17.059832270107901,17.74735532376884,-6.6966999999999999,-6.4668999999999999,-1.9009,-1.6446000000000001,14.0
55.0,-7.2473997703124748,5.0974462125398192,4.0316887538610215,-9.1826000000000008,-7.9066999999999998,-0.27000000000000002,0.58560000000000001,1.0
56.0,11.352217117942008,-31.225271952306869,-32.522859596609443,-7.6013999999999999,-7.1317000000000004,-0.98619999999999997,-0.59719999999999995,3.0
57.0,26.098782819542606,36.69623087688683,-11.244830081049498,-6.8815,-6.4550999999999998,-1.6449,-1.55,12.0
59.0,-22.477885691243547,-6.1527318472256951,24.173155403395075,-7.0308999999999999,-6.8311000000000002,-2.0611000000000002,-1.7730999999999999,15.0
60.0,9.6116231483433552,5.6330504526922676,25.757533233844402,-6.6818999999999997,-6.6553000000000004,-1.7078,-1.6617,15.0
61.0,26.836301861071643,36.763634456666239,29.046565160743857,-6.7404999999999999,-6.4680999999999997,-1.9115,-1.7248000000000001,14.0
63.0,41.848330704491573,25.383231424287718,-32.552766059512528,-8.8005999999999993,-7.5602999999999998,-0.71960000000000002,0.83179999999999998,1.0
65.0,-27.066882216136715,36.920445070129986,19.089806530640274,-9.5269999999999992,-8.1259999999999994,-0.15939999999999999,1.3855,1.0
67.0,-25.483377277989309,23.798778401895838,23.524827432510893,-7.1822999999999997,-6.8255999999999997,-1.6850000000000001,-1.0966,5.0
68.0,-10.686501411824095,3.4751919390254873,35.732534364889034,-7.0838000000000001,-6.6374000000000004,-1.8982000000000001,-1.6991000000000001,9.0
70.0,-17.930799495320073,6.9100630457853036,-13.216392739936847,-6.7991000000000001,-6.7356999999999996,-1.907,-1.8388,15.0
71.0,42.073066583972761,-13.020727712094589,-1.3228057468784207,-6.5991999999999997,-6.5784000000000002,-2.3300000000000001,-2.1842000000000001,15.0
73.0,-36.683740265894315,-16.425143873793658,22.941506868024316,-6.8464,-6.5731000000000002,-1.6980999999999999,-1.5699000000000001,15.0
75.0,28.178785658139795,5.1181697499858325,8.298117719203546,-6.5446,-6.399,-1.9417,-1.7245999999999999,15.0
76.0,9.8116783223225621,5.5764680736693828,18.811439632064143,-9.5154999999999994,-8.1346000000000007,-0.18609999999999999,1.3467,1.0
77.0,15.88440926550456,-1.3591526646353076,19.578926294043598,-7.8247,-6.9938000000000002,-1.3149999999999999,-0.50160000000000005,4.0
78.0,29.423253141814612,-23.995745927923092,21.367096838226779,-6.7618999999999998,-6.4920999999999998,-1.9971000000000001,-1.5872999999999999,10.0
79.0,-21.173622495557748,-42.332555188955197,-13.598594284034993,-6.7210999999999999,-6.6341000000000001,-1.8872,-1.7622,15.0
81.0,-1.9228586250441801,-10.543919507425468,9.1411065092090027,-6.9477000000000002,-6.8136999999999999,-2.0775999999999999,-1.9663999999999999,13.0
82.0,15.950005036935215,-31.795487733947748,26.622868592049361,-8.6607000000000003,-7.3185000000000002,-1.276,-0.69820000000000004,2.0
83.0,34.929985443614349,-1.6673861416752145,-9.3474449166709324,-6.5198999999999998,-6.2660999999999998,-1.8325,-1.6374,15.0
85.0,-15.49843873742914,7.727373097610946,1.9935463916574663,-8.5683000000000007,-7.4598000000000004,-0.86799999999999999,-0.053400000000000003,2.0
86.0,0.82281421198889337,-13.708453312235683,17.255427045825705,-6.8017000000000003,-6.7369000000000003,-1.8023,-1.6908000000000001,13.0
87.0,-6.5251013892400342,-32.353978930032476,36.067032668557836,-6.7709999999999999,-6.5788000000000002,-1.7303999999999999,-1.6024,15.0
89.0,20.041166087387868,-10.597192574080008,14.946532542284839,-8.6851000000000003,-7.2426000000000004,-1.0667,0.037699999999999997,2.0
90.0,20.796204812512944,-17.764347406859681,14.960837301676582,-9.3727999999999998,-8.0016999999999996,-0.34849999999999998,1.2138,1.0
91.0,38.616693884708546,-35.47794208522604,18.86901559781052,-6.6151999999999997,-6.4718,-1.8738999999999999,-1.6144000000000001,12.0
95.0,27.613019689851058,-27.907701601168135,-6.9739029214203407,-9.4027999999999992,-8.2266999999999992,-0.27039999999999997,0.78590000000000004,1.0
96.0,-36.8474759514813,31.482199004173154,-4.0444225411175312,-6.6624999999999996,-6.3310000000000004,-1.9399999999999999,-1.6394,14.0
98.0,-33.202023436974109,-33.054328878233058,35.176980257915091,-9.4887999999999995,-8.1898,-0.40660000000000002,1.0024999999999999,1.0
106.0,-9.9718860762288539,32.207874330061181,26.489608577735495,-6.8403,-6.7801999999999998,-1.7304999999999999,-1.6685000000000001,14.0
107.0,-2.2359726402884248,21.398755500448523,25.644577249034423,-7.3632999999999997,-6.7542999999999997,-1.6265000000000001,-0.88149999999999995,5.0
108.0,14.87164821978191,-2.2843750188027774,21.909491499375005,-7.0587999999999997,-6.7573999999999996,-1.6755,-1.3319000000000001,9.0
109.0,29.90611717658178,-15.81461540136984,22.176216512345217,-9.4177999999999997,-8.0051000000000005,-0.83199999999999996,0.82669999999999999,1.0
110.0,12.394570967572887,-3.0835257595411378,-7.3632243155558896,-6.7176999999999998,-6.4423000000000004,-1.9064000000000001,-1.7,15.0
111.0,-18.83140000326263,13.265756690898391,-10.613278146993938,-6.7011000000000003,-6.2721,-2.0992000000000002,-1.4112,9.0
112.0,-2.0886142129584937,-6.4649161046132742,-3.2364007625927385,-7.3613999999999997,-6.5759999999999996,-1.8265,-1.7646999999999999,5.0
113.0,6.0452690135522253,-12.312349273597205,2.2510518864095337,-8.8937000000000008,-7.9565000000000001,-0.6643,0.76639999999999997,1.0
114.0,10.667107393004542,16.737343737657582,31.835189455336081,-9.1035000000000004,-8.3263999999999996,-1.3325,0.378,1.0
115.0,4.9966211961975784,13.143136748890733,36.60733104357908,-9.5,-8.0312999999999999,-0.2162,1.2538,1.0
117.0,-11.285051331153936,33.351781957563063,41.499611626462169,-7.0324999999999998,-6.5868000000000002,-2.0270999999999999,-1.6631,12.0
121.0,-26.9525847501315,-29.22152593444244,-40.794711655891589,-9.4847999999999999,-8.1537000000000006,-0.125,1.1386000000000001,1.0
123.0,5.0515396059377595,38.665301544929214,40.448570009957741,-6.6105,-6.4031000000000002,-1.9328000000000001,-1.8152999999999999,15.0
127.0,-38.709188202191257,14.194022611212551,20.512640711397125,-7.1314000000000002,-6.9919000000000002,-1.794,-1.4871000000000001,8.0
129.0,-29.789879009210583,6.8468444987233514,37.65559433059245,-8.9976000000000003,-7.8444000000000003,-0.46899999999999997,0.67630000000000001,1.0
131.0,-27.47109865861464,-2.1202768536506653,-36.411224976238877,-7.2897999999999996,-6.8441999999999998,-1.6507000000000001,-1.3089,6.0
133.0,38.904112912353305,-6.8521827670744884,-38.06093038510005,-6.8292000000000002,-6.7306999999999997,-1.8508,-1.7581,14.0
137.0,-26.121334913759139,-26.257243222431804,32.453132096974905,-9.4131999999999998,-8.3163,-0.43070000000000003,0.28320000000000001,1.0
138.0,40.985113549149133,-19.93770914113604,-21.58722664918238,-9.3915000000000006,-8.0000999999999998,-0.56200000000000006,0.67879999999999996,1.0
140.0,32.652967268735367,-2.2810629670526388,0.92690236200942011,-6.6405000000000003,-6.4520999999999997,-1.8083,-1.6468,14.0
142.0,0.40594887433405913,13.843335377153448,-26.857509186796232,-7.2500999999999998,-6.6196999999999999,-1.8480000000000001,-1.4833000000000001,6.0
143.0,-3.6311577775613126,23.504092335605979,-20.168273154207448,-8.6616,-7.8716999999999997,-1.0882000000000001,-0.35270000000000001,1.0
144.0,-12.743165468284838,35.264411309771717,-12.68085140336875,-7.0967000000000002,-6.6261999999999999,-1.6082000000000001,-1.3338000000000001,7.0
146.0,-18.059311189426932,-34.693238247015756,-3.5845918984564706,-9.2872000000000003,-8.2710000000000008,-0.61170000000000002,0.4617,1.0
148.0,-11.970406263508451,29.71130700220586,-30.080080226401268,-6.7384000000000004,-6.5117000000000003,-2.2063000000000001,-1.9712000000000001,14.0
149.0,3.1393845191714758,5.3990276279226093,-39.437643654116911,-9.3461999999999996,-7.9798999999999998,-0.2364,0.88829999999999998,1.0
151.0,-28.586748415076432,-19.913245937794432,-29.651115423481659,-9.2675000000000001,-8.1304999999999996,-0.31680000000000003,1.1298999999999999,1.0
152.0,-24.432405649368203,-32.696799939295303,-38.152710975497612,-6.8261000000000003,-6.6768999999999998,-2.3847,-1.8218000000000001,7.0
156.0,-11.771487933969595,42.184510605944496,40.108990681914413,-9.0656999999999996,-7.5915999999999997,-0.27250000000000002,0.90459999999999996,1.0
160.0,-5.5784876038129791,28.950093419306182,38.814719019615922,-7.4508999999999999,-7.0773000000000001,-1.5028999999999999,-1.2010000000000001,6.0
162.0,-13.842089755751452,0.027912416168885228,38.298172189035505,-9.2393000000000001,-8.2475000000000005,-0.71789999999999998,0.76600000000000001,1.0
164.0,-27.050864050023659,28.258925308420533,33.560235382823407,-6.7004999999999999,-6.6529999999999996,-1.9294,-1.8158000000000001,14.0
166.0,-5.6018028544103382,27.12959696525089,-17.318738017958296,-6.5330000000000004,-6.2865000000000002,-2.0585,-1.8359000000000001,14.0
167.0,10.914998156433478,10.847385033995478,-33.404888786335647,-9.4951000000000008,-8.1623000000000001,-0.1341,1.1044,1.0
169.0,1.7854117236967908,-41.12055775298667,-30.787704354709241,-6.5506000000000002,-6.4203000000000001,-1.829,-1.7070000000000001,15.0
171.0,15.23556177696082,-35.748713382323729,2.897347782313195,-6.7093999999999996,-6.46,-2.0787,-1.8205,15.0
173.0,20.19169859351442,10.169967272357988,6.6909546320696069,-9.3483000000000001,-8.0161999999999995,-0.33489999999999998,0.72360000000000002,1.0
174.0,18.136156988706745,24.804380991013748,33.639454805583355,-6.6224999999999996,-6.4560000000000004,-1.7815000000000001,-1.6711,14.0
176.0,-34.213118863687818,7.9025801680540173,-39.497198494593555,-6.7305000000000001,-6.2481,-2.0226000000000002,-1.8255999999999999,15.0
180.0,9.412493055428083,-2.6152511145431854,-41.673160230142429,-8.6141000000000005,-7.2427999999999999,-1.1531,0.1744,2.0
182.0,28.555760618223271,-22.135341647369287,37.801414577865835,-6.9306999999999999,-6.7431999999999999,-2.1381999999999999,-1.7927,12.0
184.0,-36.157150842337181,-38.944908452042334,33.713147016257643,-9.5147999999999993,-8.1456,-0.1946,1.3122,1.0
192.0,3.7879640955697336,13.575043791904525,34.292525629148223,-6.6978999999999997,-6.5351999999999997,-1.8027,-1.6355999999999999,14.0
194.0,-18.836750586355191,36.29480217395399,40.388746109473416,-9.2662999999999993,-8.4038000000000004,-0.72919999999999996,0.69279999999999997,1.0
198.0,-24.218044074451484,-38.662206480510889,6.6681426161202317,-6.7606000000000002,-6.5430999999999999,-1.9734,-1.6859999999999999,14.0
200.0,-12.724976391228784,19.749372354542878,-3.2631075943158412,-9.3873999999999995,-7.9813000000000001,-0.2485,0.91379999999999995,1.0
201.0,-35.629567279838966,34.004036991774804,-9.9697426398095459,-6.7393000000000001,-6.6127000000000002,-2.0196999999999998,-1.8186,14.0
205.0,-21.982483605814952,5.1311229351319252,-5.1359163027526344,-9.5457000000000001,-8.1798000000000002,-0.28489999999999999,1.3069999999999999,1.0
206.0,8.7492809119052595,6.4008810851920028,8.2215752428897257,-6.6223000000000001,-6.5635000000000003,-1.8156000000000001,-1.7428999999999999,15.0
207.0,-26.325689088431069,-9.1787038720573779,-38.348131376243707,-8.3856999999999999,-7.9132999999999996,-1.3792,-0.62749999999999995,2.0
209.0,-22.579305569480205,-6.4615161406007804,40.289288155914122,-8.4689999999999994,-7.5183999999999997,-1.0488,-0.55430000000000001,2.0
211.0,-29.824900637599171,1.9740143081542829,14.410108062577322,-7.1685999999999996,-6.8731,-1.8875,-1.7139,11.0
212.0,-31.175018638114189,-21.78476388021846,25.556526817173879,-6.6906999999999996,-6.5647000000000002,-1.9033,-1.6184000000000001,14.0
213.0,-42.294649637602575,-4.2301971103214226,-40.797468117474487,-9.1557999999999993,-7.5686,-0.64539999999999997,0.86619999999999997,1.0
217.0,-3.3545984066201715,-34.955725865693445,-14.767186027952119,-6.7781000000000002,-6.6543999999999999,-1.8007,-1.7057,15.0
219.0,-13.591334630587292,-22.629735384804654,-8.4630667975501783,-6.7084000000000001,-6.6379000000000001,-1.8422000000000001,-1.7468999999999999,15.0
220.0,31.073203350228709,10.80451748371919,41.110497453288417,-8.4282000000000004,-7.1161000000000003,-0.90359999999999996,-0.66290000000000004,2.0
222.0,36.405541520509928,8.7821478462304619,36.874230977817831,-9.4664000000000001,-7.9004000000000003,-0.18509999999999999,1.3688,1.0
226.0,-40.656909150916704,-9.2401873595872424,24.980464557414845,-6.9339000000000004,-6.5414000000000003,-1.9235,-1.5647,11.0
228.0,-31.694369376012872,-22.305882395803003,6.6506736241327111,-9.109,-7.9629000000000003,-0.35809999999999997,0.75370000000000004,1.0
229.0,-22.1749351945091,-14.075768374993062,0.4444693473376044,-6.5716000000000001,-6.3948,-1.8427,-1.7984,15.0
230.0,9.0227922444468991,31.212341624036732,-4.0863916850797892,-6.7035999999999998,-6.4698000000000002,-1.9499,-1.742,15.0
231.0,18.462695548851446,8.5713091421878467,-11.755446869574479,-9.2612000000000005,-7.9747000000000003,-0.52159999999999995,0.64029999999999998,1.0
232.0,31.976398623884613,-2.00792845657051,-25.000472507255768,-7.1471,-6.8193000000000001,-1.7546999999999999,-1.2850999999999999,8.0
233.0,-38.119227177311821,-21.350697074714219,-42.132340605580175,-7.3211000000000004,-6.7652000000000001,-1.8435999999999999,-1.3485,6.0
237.0,42.126165817200516,-25.450181690145175,26.713008980336902,-9.4039999999999999,-8.3490000000000002,-0.65010000000000001,1.0304,1.0
239.0,17.583033149117433,-6.029516217806119,36.941190243496031,-6.6539000000000001,-6.4417,-1.9658,-1.7678,14.0
241.0,-2.5133712619338735,-9.4629356840839982,20.874160791882083,-6.8853999999999997,-6.7096,-1.9970000000000001,-1.5343,15.0
242.0,31.594776339265639,-5.7533325502011765,13.594738114284464,-9.4261999999999997,-8.0923999999999996,-0.64780000000000004,0.59179999999999999,1.0
243.0,-37.963425779539151,-22.534559024891532,-3.8979376688809544,-6.7836999999999996,-6.4973000000000001,-1.9140999999999999,-1.6257999999999999,12.0
245.0,-24.869392576694299,-41.6850560234775,-18.928414124696442,-8.8114000000000008,-7.3563000000000001,-1.0398000000000001,0.33960000000000001,2.0
247.0,-25.698949842998896,-10.182495388103289,-1.2147055347615814,-6.7789999999999999,-6.5707000000000004,-1.802,-1.6500999999999999,15.0
248.0,-17.677480614153755,14.955652397342645,27.428681552007767,-6.7134,-6.5364000000000004,-1.8674999999999999,-1.5871,15.0
249.0,6.971254535510627,-11.174733439373513,-5.922697647676733,-8.8834,-7.8682999999999996,-0.56310000000000004,0.39939999999999998,1.0
250.0,16.939314573931295,-31.456608673806386,17.784253957732677,-7.0025000000000004,-6.7807000000000004,-1.8322000000000001,-1.7010000000000001,14.0
251.0,-13.005591017520313,31.685468965342412,16.350937861671767,-7.3628,-7.0885999999999996,-1.6466000000000001,-1.1066,2.0
252.0,-27.977082036012629,-28.633019477245998,28.222137164292146,-6.7892999999999999,-6.7510000000000003,-1.8458000000000001,-1.5826,13.0
253.0,26.044305258794363,29.354074380651141,0.20155073197189979,-9.4084000000000003,-8.1384000000000007,-0.61580000000000001,0.28289999999999998,1.0
254.0,-42.538890784966696,19.979605433039211,24.786077727950946,-6.8868,-6.7944000000000004,-1.7063999999999999,-1.6134999999999999,14.0
256.0,-31.827048655844354,1.320755624142264,37.604071600207917,-8.8688000000000002,-7.2842000000000002,-1.1659999999999999,0.40010000000000001,2.0
258.0,-23.656040050003909,-11.497760299001961,-24.093243129843625,-6.6673999999999998,-6.4157000000000002,-1.8508,-1.7237,13.0
259.0,-1.104650966623465,-2.7858602148584715,27.194095941772638,-6.7336,-6.5175000000000001,-1.9359,-1.5844,15.0
260.0,30.713142915600667,6.3895684571388465,33.690995834384012,-6.7405999999999997,-6.6588000000000003,-1.6798999999999999,-1.613,15.0
262.0,-38.512065994381885,-17.614788535406188,15.066200417513535,-7.7847,-6.7930999999999999,-1.5347999999999999,-0.47749999999999998,3.0
264.0,34.630487734487495,0.72215095701688081,32.635072711097571,-6.6510999999999996,-6.4337999999999997,-2.0623999999999998,-1.7048000000000001,11.0
268.0,19.220228227736019,11.460217664596994,-39.47399877807208,-9.4184999999999999,-8.2188999999999997,-0.74960000000000004,0.93240000000000001,1.0
270.0,-39.490721452205875,-39.431703259543752,24.426124487986549,-6.7675999999999998,-6.5064000000000002,-2.0217000000000001,-1.9220999999999999,15.0
274.0,-3.3594088138525691,1.3227841259708553,-20.410508331241275,-9.3598999999999997,-7.9908999999999999,-0.2001,1.1873,1.0
275.0,-23.762246441933808,22.203060573596932,-24.082176269063581,-6.6406000000000001,-6.5109000000000004,-1.6983999999999999,-1.6741999999999999,14.0
276.0,38.154929560051592,21.335581554741331,-42.256736939037992,-6.7167000000000003,-6.5701000000000001,-1.911,-1.7448999999999999,15.0
280.0,2.0009821633332945,-6.1608597973132975,-28.999387816308886,-9.2858999999999998,-8.1174999999999997,-0.21110000000000001,1.0067999999999999,1.0
281.0,-19.973824003270192,16.560093998451624,-32.220168135925171,-6.9352,-6.8289,-1.8293999999999999,-1.6612,13.0
282.0,41.726399298690623,35.276153821374152,-33.454860494154609,-9.2091999999999992,-8.0778999999999996,-0.34150000000000003,1.0213000000000001,1.0
290.0,11.042066425013333,28.80823103684974,-5.080265945231635,-6.8460000000000001,-6.7252999999999998,-1.7545999999999999,-1.6431,15.0
291.0,-19.132081521255827,17.925436395743812,38.777294106062996,-6.6573000000000002,-6.4565000000000001,-1.871,-1.6429,15.0
293.0,-32.616615330720897,17.973267468891397,10.205559136914882,-9.4786000000000001,-8.0403000000000002,-0.48209999999999997,0.76039999999999996,1.0
295.0,-41.09595415021554,-42.15852527762609,5.3718083698940138,-6.6748000000000003,-6.5326000000000004,-2.1082999999999998,-1.8105,13.0
299.0,24.433351151723436,-21.584849494127869,1.9224373532773973,-9.4083000000000006,-8.1486000000000001,-0.23200000000000001,1.2623,1.0
300.0,-18.916276176456677,-39.513602324707485,9.5932658533408333,-6.7683999999999997,-6.6108000000000002,-1.7997000000000001,-1.6625000000000001,15.0
302.0,5.7769696235022456,4.3763430372948475,-1.757379136325161,-6.8676000000000004,-6.4973000000000001,-1.6805000000000001,-1.5636000000000001,15.0
303.0,13.902745187926875,-29.600953244193292,21.846161245518779,-7.9976000000000003,-7.6666999999999996,-2.0975999999999999,-0.042299999999999997,1.0
304.0,8.576611524596311,-32.870150667068295,21.24526927959554,-9.3956999999999997,-8.1801999999999992,-0.089800000000000005,1.2401,1.0
306.0,5.5778905840072079,-23.341514419164877,15.284158929650987,-7.5922999999999998,-6.8920000000000003,-2.0125999999999999,-1.4331,4.0
307.0,4.4831493425822133,-16.428222550280804,6.689973502455735,-8.5106000000000002,-7.1298000000000004,-0.43120000000000003,0.35020000000000001,1.0
308.0,-1.8380000769002791,-15.646778967856928,7.3050903396731224,-9.4788999999999994,-8.1295999999999999,-0.2306,1.2451000000000001,1.0
309.0,-6.3447435758979873,-4.1578212240400427,-0.38424374855728738,-6.6391,-5.9425999999999997,-1.6516999999999999,-1.2577,6.0
310.0,-9.8231867149186645,8.114396361597894,-7.1511333079821009,-9.1636000000000006,-8.2250999999999994,-0.45679999999999998,0.41770000000000002,1.0
311.0,-15.867676520995341,39.139142770864161,33.379128992559181,-6.9881000000000002,-6.6569000000000003,-1.8913,-1.5367999999999999,8.0
315.0,-34.251474238520984,-24.606628606014265,-41.824723237758477,-6.6616999999999997,-6.5351999999999997,-1.865,-1.3306,7.0
319.0,9.0065455648204757,36.037139602510493,40.040630009465836,-6.6969000000000003,-6.4686000000000003,-2.1749000000000001,-1.7181,15.0
323.0,30.524615480937683,32.651558975028486,-31.660252794618472,-6.5891000000000002,-6.4359999999999999,-1.8406,-1.6424000000000001,15.0
325.0,35.784043456044643,-34.823034675077849,-18.16901573606442,-6.7047999999999996,-6.5877999999999997,-1.7895000000000001,-1.6468,15.0
329.0,23.82807339593564,-16.319497746888839,42.163940217349712,-6.6722000000000001,-6.4607999999999999,-1.7927999999999999,-1.6362000000000001,15.0
331.0,0.23343367458419617,21.165364573337424,-34.267068206247195,-8.1659000000000006,-6.9730999999999996,-1.6153999999999999,-0.85289999999999999,3.0
333.0,-18.074488853742434,40.848667041713668,-19.180592720332388,-6.8064,-6.6562000000000001,-1.7698,-1.5834999999999999,12.0
335.0,32.402110628613563,29.73034679455272,34.427449766414504,-6.7983000000000002,-6.6473000000000004,-1.8895999999999999,-1.657,15.0
337.0,7.7089622194305827,-25.166842136446167,-18.806931300261411,-6.5551000000000004,-6.4774000000000003,-1.7776000000000001,-1.6331,14.0
338.0,17.973721416591818,37.62363020765676,-4.1189418391697368,-9.3780000000000001,-8.0399999999999991,-0.25640000000000002,0.72650000000000003,1.0
340.0,-19.34528620344576,11.276505864002875,-18.767202275964983,-6.8033999999999999,-6.609,-2.4007000000000001,-1.8735999999999999,15.0
341.0,16.583247243280795,-7.1805483909987196,-10.708788790117364,-6.6448999999999998,-6.4032999999999998,-1.7014,-1.5309999999999999,12.0
342.0,35.11739329267543,-26.300088232142457,-12.684659754458998,-8.3872,-7.1315999999999997,-1.3803000000000001,0.061600000000000002,2.0
344.0,41.988695852978637,-29.598409793604088,-8.85813906769339,-9.1953999999999994,-8.3120999999999992,-0.48110000000000003,0.95330000000000004,1.0
346.0,-35.661320186343104,7.2648052483094654,4.0948999719061048,-6.9035000000000002,-6.7915000000000001,-1.9286000000000001,-1.8819999999999999,15.0
348.0,6.829357829864807,-2.6818670923100201,2.5447371143522015,-8.1717999999999993,-7.6864999999999997,-0.68710000000000004,-0.29549999999999998,1.0
349.0,-7.5625409503881347,25.352725848937375,7.3382223620058245,-6.7380000000000004,-6.6148999999999996,-1.8223,-1.627,14.0
350.0,-29.059298544328634,-27.897308893655914,-22.198785723189026,-6.5739000000000001,-6.3281999999999998,-2.1589,-2.0341,15.0
351.0,30.409788648438809,4.5868476648024421,17.90896585343042,-6.8529,-6.5903,-1.8880999999999999,-1.7675000000000001,15.0
352.0,-13.78138933276475,-12.263050102328441,20.816513319643541,-8.8325999999999993,-8.0673999999999992,-0.85960000000000003,0.6885,1.0
353.0,-23.610539269936215,-7.5815492092688705,-10.158439723762294,-6.8909000000000002,-6.7149999999999999,-1.9080999999999999,-1.7632000000000001,14.0
354.0,-13.192809451672861,-25.0804221158735,40.273119156153541,-6.6325000000000003,-6.5381999999999998,-1.7061999999999999,-1.6713,15.0
356.0,34.645448848645295,23.866051962676188,-28.291793855229727,-6.8448000000000002,-6.7629000000000001,-1.8392999999999999,-1.6634,15.0
358.0,42.48659217363948,-40.186453098261609,-41.834375702358393,-6.7305000000000001,-6.4062000000000001,-1.9574,-1.7184999999999999,14.0
366.0,22.459699025615926,-18.836797598541754,-40.239596500120385,-9.5030999999999999,-8.1607000000000003,-0.36549999999999999,0.99419999999999997,1.0
368.0,20.58465949262056,26.796328400150824,8.1622033413832842,-9.4036000000000008,-7.9568000000000003,-0.52249999999999996,0.82550000000000001,1.0
369.0,19.624569854616812,19.479464260801418,1.1629287721249952,-7.4675000000000002,-6.8625999999999996,-1.2837000000000001,-0.26140000000000002,3.0
370.0,28.492377766474362,4.3149646272750575,-20.608319226596389,-6.7889999999999997,-6.5385999999999997,-1.8540000000000001,-1.7008000000000001,11.0
371.0,11.455025184425748,28.84905317970944,1.8676638384721991,-7.0507999999999997,-6.3148,-1.2766,-0.64970000000000006,4.0
372.0,14.151227506444446,26.462279565734399,-4.8105797879346914,-8.9641000000000002,-7.7584999999999997,-0.4083,0.93830000000000002,1.0
373.0,18.537891619878732,15.639433020513478,-24.842582265104717,-6.8507999999999996,-6.4413,-2.0657999999999999,-1.8180000000000001,10.0
374.0,-35.923236946381493,4.5699664760027705,14.795902706852102,-6.9847999999999999,-6.5491999999999999,-2.1032999999999999,-1.7688999999999999,15.0
376.0,31.584599301030195,1.7293562620154239,-1.8522964939037851,-6.7207999999999997,-6.3745000000000003,-1.7766999999999999,-1.7089000000000001,14.0
377.0,23.976446045170761,18.957931691578324,22.198489963616773,-9.4446999999999992,-8.1577999999999999,-0.12859999999999999,1.3257000000000001,1.0
378.0,16.288936560553598,23.730461500636427,22.058972471915112,-6.7720000000000002,-6.4610000000000003,-1.7585,-1.6969000000000001,15.0
379.0,-22.263613019105811,16.52077183888532,-25.697462662275829,-6.9123000000000001,-6.4635999999999996,-1.8306,-1.7621,15.0
380.0,18.256034279521664,-35.9474858241826,40.996771340626978,-6.5853000000000002,-6.423,-1.9502999999999999,-1.7154,15.0
384.0,28.355108143452604,-22.85351008650888,14.443676253865824,-6.8144999999999998,-6.6304999999999996,-1.8,-1.7531000000000001,15.0
385.0,-21.389792646442636,25.637442705080641,-16.631654264856508,-9.1914999999999996,-7.7134,-0.309,0.46700000000000003,1.0
386.0,-40.907714252519398,-41.871581727396418,-22.522163887037841,-6.7385000000000002,-6.2137000000000002,-1.8347,-1.8182,12.0
390.0,24.094235999456689,-26.735131618216847,-25.525351772337903,-9.1280999999999999,-8.0966000000000005,-0.29120000000000001,1.0960000000000001,1.0
391.0,22.142416296316739,-23.098377780269452,-30.394895766530535,-9.2935999999999996,-8.1121999999999996,-0.089200000000000002,1.2239,1.0
392.0,28.161362338068379,40.022470480869288,-10.66594489074061,-9.2362000000000002,-8.0702999999999996,-1.1825000000000001,0.27379999999999999,1.0
394.0,10.41477799418017,-28.125944804208419,-28.574808066565932,-6.6151,-6.4432,-1.8214999999999999,-1.6933,14.0
395.0,-17.749442064148823,40.300399214013453,30.844294569995803,-7.1661000000000001,-6.7225000000000001,-1.5204,-1.1372,6.0
397.0,-36.306849272677198,-24.079743181976827,-40.362588821921435,-7.1327999999999996,-6.8498999999999999,-1.6228,-1.3948,9.0
401.0,-31.22660737199411,-25.237661846759238,-27.968055992110141,-6.4454000000000002,-6.4097,-4.1231999999999998,-2.4159000000000002,14.0
402.0,-40.263538513944269,-4.2841098799842241,-7.2745324654098713,-9.4140999999999995,-8.0694999999999997,-0.61539999999999995,0.80589999999999995,1.0
404.0,24.166581524519028,-40.692235174662571,20.95313146746323,-6.5707000000000004,-6.3244999999999996,-2.0712000000000002,-1.7912999999999999,10.0
406.0,17.632764678171437,-25.827592195299189,1.5366707450691046,-9.3440999999999992,-7.9539999999999997,-0.17960000000000001,0.7994,1.0
407.0,11.367435159670581,-23.908554065087724,-3.2416686974506437,-7.9892000000000003,-7.4584000000000001,-1.2786999999999999,-0.66810000000000003,3.0
408.0,10.215428557929638,-14.338634209671255,-4.7296096392679425,-9.3140999999999998,-7.9641999999999999,-0.34210000000000002,1.0470999999999999,1.0
409.0,38.672296304009087,22.380344966581266,12.217426171649327,-6.6905000000000001,-6.5414000000000003,-1.8664000000000001,-1.6745000000000001,15.0
411.0,16.226184569125277,22.67513695514474,-40.288528284027528,-7.657,-6.8144999999999998,-1.629,-0.85270000000000001,4.0
413.0,7.823646823978577,31.820184038012727,-14.388977281514718,-6.6130000000000004,-6.4340000000000002,-1.7222,-1.5270999999999999,11.0
414.0,1.3823146489249789,21.140825710894322,6.640890894842471,-7.5655999999999999,-6.968,-2.5680000000000001,-1.3855,5.0
415.0,17.621044797353001,-6.6530298457056887,3.0104159865296332,-6.9733999999999998,-6.6405000000000003,-1.7110000000000001,-1.6011,10.0
416.0,-1.9278074808727248,-34.846364398116641,28.754672228214126,-6.7355,-6.5178000000000003,-1.8038000000000001,-1.6406000000000001,15.0
418.0,9.0535823601701697,-25.619463597137504,-14.058317890985865,-6.8311999999999999,-6.5937999999999999,-1.8786,-1.6095999999999999,15.0
419.0,21.76945777548287,15.286742350209286,4.0882374317514962,-6.7750000000000004,-6.657,-1.7369000000000001,-1.6505000000000001,12.0
420.0,28.720028004463103,-0.93423945046073686,-15.038433384031045,-8.9528999999999996,-7.6574999999999998,-1.7113,-1.1917,1.0
421.0,33.742332196710358,-0.56281373173256544,-16.494415117570504,-9.4488000000000003,-8.0062999999999995,-0.28110000000000002,1.0711999999999999,1.0
423.0,31.100838833119607,-7.601186539076048,-17.486951402523733,-9.4999000000000002,-8.0493000000000006,-0.17100000000000001,1.1938,1.0
424.0,17.46020172871593,38.694909418165423,-6.7454104387937166,-9.6249000000000002,-8.1494999999999997,-0.43259999999999998,1.0592999999999999,1.0
426.0,7.286760503540461,-24.069199700198201,-25.774836159512326,-6.6924000000000001,-6.5063000000000004,-1.8240000000000001,-1.6967000000000001,14.0
427.0,2.9132800555580194,-10.440447667822085,27.293235887850209,-6.5166000000000004,-6.1734999999999998,-1.8486,-1.7239,15.0
428.0,38.516829249335416,-7.3027489216130466,-25.086275313718673,-6.7679,-6.6490999999999998,-1.8048999999999999,-1.6738999999999999,15.0
430.0,-35.206299902675482,3.4980014397605608,25.377330248076593,-9.3924000000000003,-8.0030000000000001,-0.57130000000000003,-0.1217,1.0
432.0,-34.826502958874158,9.1704002674464018,14.109874859792095,-7.2485999999999997,-6.9854000000000003,-1.6265000000000001,-1.4149,4.0
434.0,39.752375078779707,18.875519474170417,-9.7770997214644542,-6.7760999999999996,-6.5990000000000002,-1.9859,-1.7055,10.0
436.0,3.3632154236326284,18.923298096445748,-14.840413197284009,-7.8840000000000003,-7.2710999999999997,-1.6704000000000001,-0.98009999999999997,3.0
437.0,14.498336269912871,-6.1663886338631091,-22.836546391815762,-6.6139000000000001,-6.4509999999999996,-1.8546,-1.6259999999999999,12.0
438.0,-35.597348496715782,7.810213400008112,37.62890696444952,-6.6574,-6.5792999999999999,-1.7728999999999999,-1.6744000000000001,14.0
442.0,36.379987773906898,17.923754434569595,12.806742323670273,-9.5446000000000009,-8.0462000000000007,-0.1118,1.2932999999999999,1.0
444.0,18.726870650433337,22.779424826280582,23.78413512093913,-6.5591999999999997,-6.4290000000000003,-1.8976999999999999,-1.6910000000000001,15.0
445.0,33.323584735709368,-2.1831259759445225,-37.893203804239128,-6.7609000000000004,-6.6676000000000002,-1.903,-1.7803,14.0
449.0,-38.038120154328432,-20.253432997303751,28.20665345720013,-9.4793000000000003,-7.9528999999999996,-0.2303,1.1886000000000001,1.0
451.0,-21.267724608533197,6.9097030111887117,-38.385502442007976,-9.4780999999999995,-7.9565999999999999,-0.079299999999999995,1.2342,1.0
453.0,-34.655561607578569,32.481354827413988,41.835991676835668,-6.6234000000000002,-6.3773999999999997,-1.9305000000000001,-1.6261000000000001,14.0
457.0,35.271779351511761,-5.5994619984779463,-19.908134431340674,-6.2771999999999997,-5.8917999999999999,-3.5621,-2.1873999999999998,15.0
459.0,-16.550392883416297,38.122516538477434,10.515960470262163,-6.8615000000000004,-6.6306000000000003,-1.8838999999999999,-1.8095000000000001,13.0
461.0,-27.038483617757674,-25.436950653978943,24.115072722085998,-8.5206999999999997,-7.5932000000000004,-0.64659999999999995,0.54369999999999996,1.0
462.0,-33.896557833461117,-26.447087380432944,25.586073251595895,-9.4266000000000005,-7.9432999999999998,-0.23519999999999999,1.0837000000000001,1.0
464.0,9.658771597300392,9.5739465182717733,-39.717204800266238,-9.4761000000000006,-8.2028999999999996,-0.50049999999999994,0.4415,1.0
466.0,-7.7478652505052725,29.059517344242654,-20.402177824081761,-6.6680000000000001,-6.3491,-1.7930999999999999,-1.5309999999999999,14.0
467.0,-18.981460990970774,4.4276050813121621,-2.4500446392728139,-9.6198999999999995,-8.1867000000000001,-0.32179999999999997,0.97660000000000002,1.0
468.0,-33.968160152311377,31.832458850969672,-5.9609444020662634,-6.7095000000000002,-6.3768000000000002,-1.7045999999999999,-1.6353,14.0
470.0,28.346666676683984,6.7104247173477596,16.06393155320179,-6.7622,-6.5637999999999996,-1.8628,-1.7351000000000001,15.0
471.0,27.398250410192304,-15.778278249052153,17.96645931742075,-6.6276999999999999,-6.4794999999999998,-1.8067,-1.5819000000000001,15.0
472.0,39.349076326531964,25.810078692708032,-12.83663231995896,-7.8285999999999998,-6.9987000000000004,-1.1454,-0.30249999999999999,3.0
474.0,31.242436899334113,31.605467384559255,-25.042243988353182,-7.2202000000000002,-6.6346999999999996,-1.6696,-1.0645,5.0
475.0,29.621221125442528,41.548639335095004,-33.699767871784111,-8.1571999999999996,-7.5605000000000002,-0.59419999999999995,0.73750000000000004,1.0
479.0,21.374767318712244,-41.558344419458642,-42.569568424884459,-7.3228,-6.6844000000000001,-1.5557000000000001,-1.0810999999999999,5.0
483.0,12.762032398185175,-35.452805821538853,38.311126381455182,-9.3737999999999992,-8.0239999999999991,-0.047500000000000001,1.0173000000000001,1.0
487.0,30.985453984373631,20.780251921040186,-13.477985223454137,-9.2497000000000007,-8.3293999999999997,-0.62570000000000003,0.86780000000000002,1.0
488.0,42.368367313371607,15.281749320578083,0.71339980021502236,-6.7778999999999998,-6.3845999999999998,-1.8061,-1.3311999999999999,8.0
490.0,-35.289968848721308,3.6714309948111712,24.872728854022469,-7.4306000000000001,-6.9859,-1.6642999999999999,-1.2888999999999999,6.0
492.0,14.858542652866813,-7.0583970741788926,-20.110512276457648,-6.5980999999999996,-6.3902000000000001,-1.9542999999999999,-1.7701,14.0
493.0,30.634789106364448,-32.875672139601626,-22.952045038359113,-9.4558,-8.1808999999999994,-0.24199999999999999,1.1475,1.0
495.0,-2.027779438412018,18.704800424522567,-14.469220426882755,-7.3209,-6.8609999999999998,-1.9435,-1.7505999999999999,8.0
496.0,-17.259903412129795,30.592967158489696,-7.7256352893841269,-9.5827000000000009,-8.1227999999999998,-0.44729999999999998,1.0855999999999999,1.0
497.0,-21.439596796310905,39.002993346721269,-1.7980882516918253,-7.4894999999999996,-6.8654000000000002,-1.8656999999999999,-1.2609999999999999,5.0
499.0,-30.091014208890503,-42.179976177896698,2.2116737249063045,-9.1654999999999998,-7.9593999999999996,-0.21410000000000001,1.1297999999999999,1.0
501.0,6.0780038509663763,10.875864180094839,15.610685606728744,-6.8583999999999996,-6.5594000000000001,-1.9058999999999999,-1.5469999999999999,8.0
502.0,-8.8721479343615144,22.606852826903438,18.259689372892726,-8.3210999999999995,-7.8205999999999998,-0.85670000000000002,0.95599999999999996,1.0
503.0,-13.785924184355304,35.65525911771951,22.212295411623867,-7.2717000000000001,-6.6985999999999999,-1.8486,-1.3806,6.0
505.0,0.5195226987929894,10.728848675050411,-11.130587655790107,-6.9828000000000001,-6.6544999999999996,-1.5535000000000001,-1.3525,7.0
506.0,14.978588391301752,3.658340915767103,-12.687330538650976,-8.9312000000000005,-7.7390999999999996,-0.34899999999999998,0.83889999999999998,1.0
507.0,22.473902935265645,-10.354320019524449,-13.614797710669073,-7.0998000000000001,-6.6307,-1.5190999999999999,-1.1233,6.0
508.0,25.792314195174885,-25.054478902081197,-13.485823902663839,-9.4202999999999992,-8.0823999999999998,-0.46100000000000002,1.0023,1.0
509.0,6.0846340211349368,36.924970822377212,-37.651509002851689,-6.6673,-6.4478,-2.2002000000000002,-1.8307,15.0
513.0,8.3260466266003004,9.0063752471854492,28.565697367229529,-6.8265000000000002,-6.7603,-1.6987000000000001,-1.6355,15.0
514.0,34.594704484643913,-2.8936423943508647,-12.984357656947715,-6.6121999999999996,-6.5608000000000004,-1.8713,-1.7022999999999999,15.0
516.0,-14.102698030579504,-22.452729954002663,1.0004190428860598,-6.8505000000000003,-6.7450999999999999,-1.9323999999999999,-1.8640000000000001,15.0
517.0,-39.939341700997723,9.6521086427010019,21.55363515404493,-7.6683000000000003,-6.9572000000000003,-1.8452999999999999,-1.3908,2.0
519.0,37.478472234091804,22.232635127795909,-2.5546723079043421,-6.6395999999999997,-6.5114000000000001,-1.7471000000000001,-1.5806,12.0
521.0,33.913697044386694,38.581757569831609,-22.871841484069286,-9.3483000000000001,-8.1679999999999993,-0.25030000000000002,1.1529,1.0
525.0,14.357036693090542,-9.6280578523454956,-27.174030479683349,-7.1021000000000001,-6.6425000000000001,-1.6258999999999999,-1.1659999999999999,6.0
526.0,4.8303777245937676,1.0062915134399255,-24.494986705501915,-9.0618999999999996,-7.6315999999999997,-0.40539999999999998,0.68789999999999996,1.0
527.0,-2.4082787496537308,15.875196555694899,-17.929286139407139,-7.0076000000000001,-6.5987,-1.7356,-1.3566,8.0
528.0,-0.72911486704031714,-21.01810184969618,-41.314140304828221,-8.8825000000000003,-8.1605000000000008,-0.43540000000000001,0.99609999999999999,1.0
530.0,-3.4989768952344198,-2.1252908933029624,31.818221159762128,-6.8598999999999997,-6.6836000000000002,-1.8633999999999999,-1.7578,10.0
531.0,-13.016070958785042,17.603506414235085,20.468125126497775,-9.1841000000000008,-7.7394999999999996,-0.3599,0.94789999999999996,1.0
532.0,-20.206467410118179,17.48490662167389,17.788292966793435,-7.7877000000000001,-6.7371999999999996,-1.1123000000000001,-0.56779999999999997,3.0
533.0,-9.7821771685919305,30.780145776848201,22.60738919658672,-6.7106000000000003,-6.1372999999999998,-1.7988,-1.6827000000000001,15.0
534.0,26.728573844654836,15.946026083593621,35.518633966178292,-8.1349,-7.2396000000000003,-1.2871999999999999,-0.59630000000000005,3.0
536.0,24.44678995891492,8.8427988868096516,30.163462479716106,-9.0299999999999994,-7.4935,-0.3498,0.4899,1.0
537.0,38.35753015607628,-7.3873359330244996,18.132950912977595,-7.0214999999999996,-6.7629000000000001,-1.9775,-1.5729,10.0
539.0,-33.440213359418578,-20.87671760681793,9.3157857774114614,-9.4837000000000007,-8.1135000000000002,-0.20979999999999999,1.1274999999999999,1.0
541.0,-39.716496231210741,8.1400110029194561,-32.077786380643154,-7.5636000000000001,-7.1835000000000004,-1.4469000000000001,-0.80910000000000004,4.0
543.0,-38.49069443028511,2.0493876419910539,-22.503564261240349,-9.0010999999999992,-7.9673999999999996,-0.46310000000000001,0.89539999999999997,1.0
545.0,-35.043565364622985,2.0087977888593991,-6.9019078625736574,-7.2868000000000004,-6.8563000000000001,-1.6759999999999999,-1.1742999999999999,6.0
547.0,-30.870072871210546,-0.27993248448406682,11.183699956012314,-7.5787000000000004,-6.9362000000000004,-1.6613,-1.5394000000000001,3.0
548.0,-32.298553264007793,-4.8966215431317783,18.136626821528154,-9.6173999999999999,-8.2234999999999996,-0.3705,1.1048,1.0
549.0,32.742292322848648,12.087037869735619,-31.423973481804286,-9.5225000000000009,-8.1731999999999996,-0.47770000000000001,0.96760000000000002,1.0
551.0,41.278477911548713,-10.204307947356986,34.275000393618811,-6.8487999999999998,-6.6479999999999997,-2.4704000000000002,-1.8986000000000001,14.0
555.0,23.583820783356678,31.348228527650498,15.141970774682877,-9.3907000000000007,-8.1922999999999995,-0.34699999999999998,1.173,1.0
556.0,16.480188397369382,-34.684196151477593,-1.9470951057116483,-6.79,-6.6628999999999996,-1.8716999999999999,-1.7437,11.0
558.0,0.17055099349156355,-18.649850741275298,-16.049714591404555,-7.4863999999999997,-6.6768999999999998,-1.3406,-1.2093,2.0
559.0,-0.077550094368605035,-11.825732312889768,-19.030239755565606,-9.3472000000000008,-8.0783000000000005,-0.29010000000000002,0.9395,1.0
560.0,24.187559482214528,-13.181892684016786,37.385985240633978,-6.6542000000000003,-6.3311000000000002,-2.1634000000000002,-1.7717000000000001,15.0
562.0,-39.425172775603393,33.528386236827274,14.955283524872248,-9.5100999999999996,-8.1654999999999998,-0.088900000000000007,1.2412000000000001,1.0
566.0,30.540939236233296,-28.379835112269305,8.6665865013964041,-6.7619999999999996,-6.4720000000000004,-2.0230999999999999,-1.6656,14.0
567.0,-1.2675969465323882,-33.894145912298804,41.94214924676691,-6.6622000000000003,-6.5359999999999996,-2.0356999999999998,-1.8011999999999999,15.0
571.0,-17.955306781846993,35.739733634912156,-25.025755622096696,-7.1692,-6.7481999999999998,-1.6842999999999999,-1.4866999999999999,7.0
573.0,-33.383673130722933,-26.995680741451213,-10.903916476258939,-7.0784000000000002,-6.5282999999999998,-1.8120000000000001,-1.5869,8.0
575.0,-13.577913170555041,-29.861567788807307,12.606383232097151,-9.3606999999999996,-7.6647999999999996,-0.1181,1.3156000000000001,1.0
576.0,-18.268397976588716,-16.099113798611363,-11.091030851743783,-6.9034000000000004,-6.8353999999999999,-1.6897,-1.6160000000000001,13.0
577.0,-18.776864529382046,-8.278017512235408,-38.800066922284856,-9.3106000000000009,-8.1510999999999996,-0.62929999999999997,0.8024,1.0
579.0,15.579595358346531,-34.550413097934722,-14.05562310733521,-6.6970999999999998,-6.6158000000000001,-1.8192999999999999,-1.6909000000000001,15.0
581.0,-27.049617334433673,-28.370643754258772,30.660370482662874,-8.1981999999999999,-8.0469000000000008,-2.2246999999999999,-0.70109999999999995,1.0
582.0,39.699016139961572,-8.3115607335093493,-36.415150050365348,-6.7424999999999997,-6.5797999999999996,-1.9855,-1.7912999999999999,14.0
586.0,40.791019452108984,28.28356330194574,-0.93079718825331248,-8.9754000000000005,-7.9756999999999998,-0.37890000000000001,0.31919999999999998,1.0
588.0,26.70260933334162,38.685311868076738,-21.47533215793251,-6.9160000000000004,-6.6698000000000004,-1.7887999999999999,-1.6591,12.0
590.0,16.022795132948122,-26.47573324984706,-39.777450464027709,-8.7498000000000005,-7.2074999999999996,-1.0210999999999999,0.1222,2.0
592.0,9.2433875481206513,32.127076908857482,-21.681238833436897,-6.8056999999999999,-6.5613999999999999,-1.8083,-1.4645999999999999,9.0
593.0,20.890403553793782,20.341504491615691,40.40887574986899,-7.0507,-6.7244000000000002,-1.5123,-1.2557,5.0
595.0,22.174520798503082,8.4182197506584053,33.077900250533027,-9.3340999999999994,-8.1899999999999995,-0.47889999999999999,0.73180000000000001,1.0
597.0,-15.620608808070086,-19.88636739095816,23.097500844475515,-6.6029999999999998,-6.3943000000000003,-1.8231999999999999,-1.7612000000000001,15.0
598.0,-9.5620575177365819,6.7569949582777662,-37.657921807782905,-8.9543999999999997,-7.3228999999999997,-1.0588,-0.49490000000000001,2.0
600.0,-30.37114813235711,29.37985717351955,-36.154443258448921,-6.8762999999999996,-6.3044000000000002,-1.9818,-1.6971000000000001,13.0
602.0,-40.448360284894015,41.602891678092568,-30.620755037907053,-8.6171000000000006,-7.2538999999999998,-1.0812999999999999,0.15609999999999999,2.0
606.0,-24.521659469731187,18.631921438696395,-30.551913428546985,-6.9969999999999999,-6.9409000000000001,-2.3573,-1.7564,12.0
607.0,-10.058663495212718,-6.0260144837126601,-27.31609140550994,-9.4663000000000004,-8.2726000000000006,-0.28889999999999999,0.7006,1.0
608.0,-25.111776510420043,-33.59188686307629,22.566398024442762,-6.9226000000000001,-6.8140999999999998,-1.9734,-1.7597,14.0
610.0,40.570530774270999,-18.040363219234887,38.597088065022326,-9.4739000000000004,-8.2271000000000001,-0.41880000000000001,1.2481,1.0
614.0,-18.749803972550687,35.812549662415762,-34.635993337837583,-9.1217000000000006,-7.7427000000000001,-0.2868,0.74460000000000004,1.0
618.0,-3.6347509475503701,24.708591307132593,-41.247426877757896,-6.7820999999999998,-6.4138000000000002,-1.8110999999999999,-1.5424,9.0
620.0,10.850459357242597,2.9550758645898587,34.201104405381123,-7.2821999999999996,-6.8836000000000004,-1.8176000000000001,-1.4498,5.0
622.0,-19.522189883694466,39.221151206908139,-4.6552592126820329,-6.8372999999999999,-6.6773999999999996,-1.7110000000000001,-1.6593,15.0
624.0,-11.814923757101846,-28.276333991240762,31.522661176809489,-7.8037000000000001,-6.8258999999999999,-1.2587999999999999,-0.46929999999999999,3.0
625.0,-8.0743152400096623,-29.295398252637607,-25.994549347038788,-6.7739000000000003,-6.4316000000000004,-1.6778,-1.4275,11.0
626.0,-1.4606491681034666,-29.561101979455991,-1.6586150855309367,-9.5492000000000008,-8.1697000000000006,-0.31359999999999999,1.0508999999999999,1.0
627.0,-36.893751839819437,33.153836739418459,0.20207776313678472,-6.7184999999999997,-6.5698999999999996,-1.8603000000000001,-1.7217,15.0
631.0,7.2122455925034439,-20.692559822759129,-1.0595274581868681,-7.0960000000000001,-6.7462999999999997,-1.5096000000000001,-1.2302,6.0
632.0,17.309546025682,-27.571522131806386,8.2259666843843906,-9.4138999999999999,-8.0297000000000001,-0.1865,1.3051999999999999,1.0
633.0,22.02014841561218,-37.789508089781627,21.851290203620891,-6.883,-6.2554999999999996,-1.7726,-1.4460999999999999,8.0
635.0,25.680610721118793,0.70926658823812549,-42.48642134689797,-9.4440000000000008,-8.1445000000000007,-0.30980000000000002,0.85340000000000005,1.0
637.0,19.823483036366699,14.799251292783611,-16.988506633812154,-6.5918000000000001,-6.5525000000000002,-2.077,-1.8282,14.0
638.0,42.274655154528013,-41.860387936399491,8.5025925775890112,-6.6494,-5.8032000000000004,-3.7513999999999998,-1.9883999999999999,15.0
642.0,-28.381237235666077,21.62378912252197,-34.946520943006689,-7.5873999999999997,-6.8497000000000003,-1.7490000000000001,-1.0608,5.0
644.0,-10.446782832646155,-1.0223939542430736,-33.345538748201193,-6.7869000000000002,-6.3772000000000002,-1.8479000000000001,-1.4137,10.0
646.0,18.565172403502814,-35.232923230167749,-18.27211382710906,-6.6786000000000003,-6.4463999999999997,-1.8577999999999999,-1.6580999999999999,15.0
648.0,-37.687980099464873,36.408418564699687,29.143619681450701,-8.7270000000000003,-7.9024999999999999,-0.67049999999999998,0.88790000000000002,1.0
652.0,-19.108017206123911,16.853586822385765,33.769568897523961,-6.6201999999999996,-6.5343999999999998,-2.1263000000000001,-1.8492999999999999,13.0
654.0,-10.455917965507911,-6.5476155413673123,-41.161596983990144,-9.3652999999999995,-8.0968,-0.22950000000000001,0.84089999999999998,1.0
656.0,38.464879480897359,22.024728495584874,38.048695155487557,-6.5587,-6.4844999999999997,-1.8920999999999999,-1.7455000000000001,14.0
660.0,-34.951787608696705,10.848930197212432,-21.013105045095546,-9.4634999999999998,-8.0687999999999995,-0.24279999999999999,0.89749999999999996,1.0
662.0,-35.098456520994517,31.614199296704896,-11.7512435464144,-6.8007,-6.4668999999999999,-2.0470000000000002,-1.8347,15.0
664.0,-13.630113268442063,37.717334859605721,20.598098281308435,-6.9714,-6.7742000000000004,-2.0186000000000002,-1.6475,15.0
666.0,-30.357029594919759,26.501462720001971,4.8681700968533024,-6.8082000000000003,-6.5433000000000003,-1.8594999999999999,-1.6185,15.0
667.0,-28.368492855652335,-2.2155923492725562,-13.285191976427539,-7.5305999999999997,-6.8342999999999998,-1.5767,-1.0658000000000001,5.0
668.0,-28.154198511745101,-6.7410847910481797,-1.387981120460102,-9.4484999999999992,-7.8667999999999996,-0.83379999999999999,0.24110000000000001,1.0
669.0,-19.365573348084592,-11.846638149689145,17.62473206958774,-6.9526000000000003,-6.5773999999999999,-1.6773,-1.5023,9.0
670.0,1.2008758612179016,-42.165523740490556,18.506596282933796,-6.6787000000000001,-6.4337999999999997,-1.7477,-1.6407,11.0
672.0,1.2348056478919096,37.601914041689476,-9.4817098868840421,-7.4816000000000003,-6.7553000000000001,-1.4968999999999999,-0.8992,4.0
674.0,25.659695101139274,-17.067960961592693,-27.986543547819625,-6.6528999999999998,-6.4120999999999997,-1.9089,-1.8402000000000001,15.0
675.0,19.654263884693311,36.281994081233258,23.893489362201578,-9.1478999999999999,-7.9051,-0.33050000000000002,0.49149999999999999,1.0
677.0,13.626799116974873,-30.61552812525122,0.9673270944494744,-6.6425000000000001,-6.5762999999999998,-1.7797000000000001,-1.6414,14.0
678.0,-19.94762488287763,35.013279164543164,11.516717811961424,-9.1313999999999993,-8.1172000000000004,-0.43469999999999998,0.79730000000000001,1.0
680.0,2.5689957269590908,12.498180012119107,5.5879718336492292,-6.8415999999999997,-6.6218000000000004,-1.8112999999999999,-1.6823999999999999,14.0
681.0,12.074502115317996,4.2830610848484794,36.946131139135836,-8.3084000000000007,-7.5637999999999996,-0.78969999999999996,0.059200000000000003,2.0
683.0,11.48168875205781,9.4168212112943053,41.757928237364297,-8.6295000000000002,-7.0153999999999996,-1.2607999999999999,-0.89810000000000001,1.0
685.0,-6.3135934978297499,27.772863759780357,-37.116893040277702,-6.609,-6.4199000000000002,-2.0514999999999999,-1.7292000000000001,12.0
687.0,36.835681348499648,21.335757800967968,-38.62833389534098,-6.6387,-6.3891,-1.8798999999999999,-1.7729999999999999,15.0
691.0,14.906411937407263,25.654227647724344,13.891455302481749,-6.8045,-6.5972,-2.0158999999999998,-1.7638,14.0
692.0,26.074049316440689,15.455059339117691,-14.046672235916521,-9.3472000000000008,-8.3802000000000003,-0.69369999999999998,0.7016,1.0
693.0,-33.123582070500952,32.395054226654153,37.706204930637284,-6.5903,-6.0473999999999997,-1.9158999999999999,-1.7649999999999999,15.0
697.0,9.7883027401698186,-27.20563485936988,-11.748289080637765,-6.7739000000000003,-6.5697999999999999,-1.8101,-1.7223999999999999,15.0
698.0,-40.484601774566748,-17.512699818886148,9.6542174975204738,-6.7351000000000001,-6.6407999999999996,-1.8241000000000001,-1.6273,14.0
700.0,27.242114825958566,2.7452565976299232,26.650779223972016,-9.0805000000000007,-7.9359000000000002,-0.73240000000000005,0.8448,1.0
701.0,35.897874831089418,-1.8600252603932363,17.581456371134678,-6.8452000000000002,-6.6340000000000003,-1.8812,-1.8047,15.0
703.0,-6.6218146785084384,-28.409440676059369,18.253705604910792,-6.7839999999999998,-6.5780000000000003,-2.04,-1.6867000000000001,15.0
704.0,-23.297935235698517,-9.6323205402187622,15.246457218168434,-6.6458000000000004,-6.4298000000000002,-1.8737999999999999,-1.8498000000000001,15.0
705.0,5.8771670601820167,-14.972005881168046,33.198623498669782,-6.8029999999999999,-6.5191999999999997,-1.8182,-1.7159,15.0
707.0,33.658160602875853,27.728875187124991,-29.170822918104367,-6.6989999999999998,-6.5244,-1.7145999999999999,-1.6528,15.0
709.0,4.0887013790995281,-14.880245166413371,26.975765184715826,-6.6409000000000002,-6.5086000000000004,-1.8344,-1.7022999999999999,15.0
710.0,22.435531282393985,23.64460765999533,-34.772068923278567,-9.6151999999999997,-8.1531000000000002,-0.41610000000000003,1.1035999999999999,1.0
712.0,30.762852405275087,6.9766586389292833,35.167662355613274,-6.7286000000000001,-6.3884999999999996,-1.8419000000000001,-1.6232,11.0
714.0,-40.470037044811207,-6.9362592553418247,18.644778875215696,-7.9888000000000003,-7.1517999999999997,-1.0439000000000001,0.010500000000000001,2.0
716.0,-34.69613432632233,-11.257466192636794,18.419543304738614,-9.2719000000000005,-7.9916999999999998,-0.30380000000000001,0.52949999999999997,1.0
718.0,11.439067317290904,33.449675161689001,33.27971941240196,-6.7111999999999998,-6.3925999999999998,-1.8644000000000001,-1.6088,14.0
722.0,15.263972776251276,34.23468478542145,-20.878604145062475,-9.4540000000000006,-8.0083000000000002,-0.55549999999999999,0.51139999999999997,1.0
724.0,14.157186324438321,-29.836541387651067,-35.883400619066343,-6.7729999999999997,-6.7050999999999998,-1.9996,-1.7049000000000001,15.0
726.0,4.2139595619954697,1.9504646696863523,-33.027459894644821,-8.6083999999999996,-8.2103999999999999,-0.66620000000000001,0.55369999999999997,1.0
728.0,26.52405563286171,-16.278273295665464,-36.094442614257481,-6.6174999999999997,-6.4790000000000001,-1.8389,-1.744,13.0
730.0,40.392637042712657,-42.319510610544363,-35.915721308066367,-9.4041999999999994,-8.2506000000000004,-0.34460000000000002,0.54569999999999996,1.0
738.0,-39.142317967995083,-15.617663651850277,3.970547702208882,-6.6608000000000001,-6.5885999999999996,-1.8648,-1.7251000000000001,15.0
740.0,10.858075389824746,16.38437110559023,-7.6757944866780781,-9.5875000000000004,-7.9032999999999998,-0.56899999999999995,1.1546000000000001,1.0
741.0,15.486408870618906,16.902402185665466,-14.467413076015083,-7.3883999999999999,-6.8616999999999999,-1.4330000000000001,-0.51390000000000002,4.0
742.0,27.630207111093707,7.2590764816483588,-37.016500645821019,-6.8898999999999999,-6.6742999999999997,-1.6657999999999999,-1.4917,10.0
744.0,-1.2337339209084648,13.973554174249946,-2.5421529585035945,-6.6867999999999999,-6.4474,-1.7744,-1.6133,15.0
745.0,-8.2020054539455849,-20.430771764284426,-31.554289358721608,-9.6912000000000003,-8.2051999999999996,-0.57320000000000004,0.69650000000000001,1.0
746.0,-10.013885096185419,-27.666284369168356,-16.357942174124101,-7.2603,-6.8864000000000001,-2.4826000000000001,-1.8004,7.0
747.0,-7.1239977402053345,-28.556483210817188,13.560228994015533,-7.2291999999999996,-6.8304999999999998,-1.6874,-1.3401000000000001,7.0
748.0,-17.209392055144981,12.769290186898113,24.64640905075667,-6.8502000000000001,-6.5077999999999996,-1.8611,-1.7073,12.0
749.0,-28.352390973044809,34.134100793732323,11.207962860954995,-9.0715000000000003,-7.8495999999999997,-0.39489999999999997,0.36659999999999998,1.0
751.0,-35.835297776250677,33.071563288675641,10.957115381638417,-8.7761999999999993,-7.5140000000000002,-1.5327,-1.0116000000000001,1.0
755.0,-33.404625307199581,39.714095271957511,11.657216906354034,-9.5929000000000002,-8.4044000000000008,-0.2707,0.8639,1.0
759.0,-10.905579894682477,4.908787847239239,27.425868141496757,-6.4705000000000004,-6.3080999999999996,-1.9965999999999999,-1.6846000000000001,15.0
760.0,-27.455549986273365,-33.317625065951326,-23.350992843470802,-6.7443,-6.5320999999999998,-1.7621,-1.6906000000000001,14.0
762.0,-15.185443102529034,32.373747153368839,-40.664391600200325,-9.4411000000000005,-8.1338000000000008,-0.48559999999999998,0.98780000000000001,1.0
764.0,21.307402681264723,-4.9091907321177111,9.3692288036359326,-8.9512999999999998,-8.1271000000000004,-0.82840000000000003,0.40770000000000001,1.0
765.0,1.3765901416609065,20.286880395307012,15.06217222500527,-6.8789999999999996,-6.6584000000000003,-1.8696999999999999,-1.7373000000000001,14.0
766.0,-13.981872602649647,-4.7010857992093156,-17.923847682195319,-9.0516000000000005,-7.9836,-0.504,1.0109999999999999,1.0
767.0,6.8452180652155494,-24.118525001518428,0.0091887546870705068,-7.0255999999999998,-6.6813000000000002,-1.7483,-1.5766,14.0
768.0,-28.273466096802245,6.9507537825033223,-7.3328527220506929,-9.5158000000000005,-8.2761999999999993,-0.71660000000000001,1.0677000000000001,1.0
769.0,-29.62011847578356,0.76166660939602482,5.9133249908008825,-7.3948,-6.8860999999999999,-1.7384999999999999,-1.4805999999999999,5.0
770.0,-23.064707672700504,1.5180862314565111,17.884501496196798,-8.9183000000000003,-7.5849000000000002,-0.4163,0.69520000000000004,1.0
771.0,-23.034476914009076,-7.428920272406371,34.312203699776688,-6.9718999999999998,-6.5796000000000001,-1.6187,-1.4271,8.0
773.0,-11.22384899049449,39.884511100531427,-40.958294739495337,-7.3670999999999998,-6.8388999999999998,-2.5899000000000001,-1.6533,5.0
777.0,-28.911864375092069,-26.500232274530237,-27.900769737235148,-6.7473000000000001,-6.4198000000000004,-1.7538,-1.6259999999999999,10.0
778.0,15.72342541945053,14.705300585330939,41.113214197326634,-9.1227,-7.6649000000000003,-0.42730000000000001,0.53490000000000004,1.0
780.0,10.861948466658779,29.515352209197484,-15.716171222131287,-6.694,-6.3659999999999997,-1.8623000000000001,-1.6745000000000001,14.0
781.0,2.897163048907458,41.483783032499431,-33.427209804585239,-6.5446,-6.4132999999999996,-1.9774,-1.7213000000000001,15.0
785.0,4.2578874448413675,-6.6937157167490868,-6.0136235532239928,-9.5305,-8.0039999999999996,-0.62639999999999996,1.0693999999999999,1.0
786.0,-16.102601665838979,11.245273726124053,-12.779669269768865,-6.7803000000000004,-6.5438000000000001,-2.0777999999999999,-1.9111,14.0
787.0,-33.174361250623996,28.890337225975816,-39.108399770305489,-6.9031000000000002,-6.6346999999999996,-1.5435000000000001,-1.3537999999999999,11.0
791.0,-14.89969406267509,12.658970118050004,-36.932907473145583,-9.4924999999999997,-7.734,-0.56040000000000001,0.57130000000000003,1.0
793.0,-13.387107181372125,3.2174067041277259,-37.426008619974191,-8.0183,-7.0625999999999998,-1.3614999999999999,-0.39810000000000001,3.0
795.0,-35.739275098744727,-34.746955004250744,-19.822392095587507,-8.4529999999999994,-7.8734000000000002,-0.5766,0.92210000000000003,1.0
799.0,-13.83126864605069,31.645248797399383,-31.884193458767214,-6.8075000000000001,-6.6925999999999997,-1.901,-1.6491,14.0
800.0,28.32120725210223,35.23291517673789,-20.081973720307211,-6.6551999999999998,-6.5486000000000004,-1.9306000000000001,-1.7102999999999999,14.0
802.0,35.430563092909203,18.67400902419703,3.8641164733894313,-9.0584000000000007,-8.2035999999999998,-0.50060000000000004,1.0047999999999999,1.0
804.0,-38.95502689178506,19.463283591139735,-38.570004280768103,-9.0886999999999993,-8.0787999999999993,-0.54359999999999997,0.95289999999999997,1.0
808.0,42.397760514727175,20.254099529673965,40.897198954774687,-8.3795999999999999,-7.5232000000000001,-0.90400000000000003,-0.2737,2.0
812.0,31.522248857704422,29.355695459012715,18.613592365696963,-6.8723000000000001,-6.6288,-1.8607,-1.8368,11.0
813.0,26.845626141264017,42.247668105708229,-1.1701994042619361,-9.4068000000000005,-7.9757999999999996,-0.21340000000000001,1.2002999999999999,1.0
815.0,37.400822666861515,26.062085459028964,20.346810096146406,-6.8784999999999998,-6.7398999999999996,-1.7739,-1.5936999999999999,15.0
817.0,-40.80800137543303,16.240141342934653,37.158806013221451,-6.9485000000000001,-6.726,-1.7316,-1.7202999999999999,15.0
821.0,0.19067590168548032,-39.70395092642093,-17.940235339284346,-6.7659000000000002,-6.3369,-1.8422000000000001,-1.7616000000000001,15.0
823.0,-41.679331751939706,12.801760247765094,12.117409403206004,-6.4705000000000004,-6.2613000000000003,-1.7315,-1.6972,15.0
825.0,-21.291890364826983,-8.9111830956039597,23.126357790284779,-6.6562999999999999,-6.2760999999999996,-1.8646,-1.7386999999999999,15.0
826.0,-6.5427038390184578,-37.492154815557861,32.488450478281884,-9.2545000000000002,-7.9919000000000002,-0.47039999999999998,0.72689999999999999,1.0
828.0,0.72154180232815157,-35.576780529646108,35.981635760236784,-8.7637999999999998,-7.2813999999999997,-0.066000000000000003,0.61550000000000005,1.0
832.0,-1.4762256643132521,-35.00089454062195,-21.185948819717115,-6.6207000000000003,-6.5186999999999999,-1.7466999999999999,-1.4943,13.0
834.0,-32.660817881312454,26.528628611303844,18.80154842055261,-8.8038000000000007,-7.8373999999999997,-0.40279999999999999,0.86250000000000004,1.0
836.0,35.23590647491757,-34.137748525449837,13.729442052204643,-6.5570000000000004,-6.4089999999999998,-1.6641999999999999,-1.5786,14.0
840.0,32.858933770491419,30.326988349107417,-38.479384620153986,-6.7590000000000003,-6.7069999999999999,-1.9222999999999999,-1.6968000000000001,13.0
844.0,22.028965738165407,-35.062740059407481,27.840700264405967,-8.8254999999999999,-7.2946999999999997,-1.1047,0.23780000000000001,2.0
846.0,22.193318682508885,-15.005556537201338,-33.16483423605704,-6.4798,-6.3701999999999996,-2.0087999999999999,-1.8012999999999999,15.0
848.0,-26.259591137695747,25.608457626598458,40.188937603885158,-6.7187999999999999,-6.6317000000000004,-1.956,-1.6129,12.0
850.0,-6.7386843637131646,8.6263751725247371,-40.433292302631656,-9.1728000000000005,-8.1286000000000005,-0.35410000000000003,0.93479999999999996,1.0
852.0,-6.8804342233287645,7.7055003768324717,37.97759302503767,-9.1813000000000002,-7.9756,-0.35589999999999999,0.65720000000000001,1.0
854.0,-4.9390498371534557,2.5783566410837455,42.455948398437336,-9.2796000000000003,-7.9512,-0.14929999999999999,1.1371,1.0
856.0,-36.627090485436135,3.858604372431687,0.13578983149857674,-7.0700000000000003,-6.5194999999999999,-1.7527999999999999,-1.4713000000000001,8.0
858.0,-28.505890476955923,3.0451911921562229,16.840686999264889,-9.4931000000000001,-7.9679000000000002,-0.59540000000000004,-0.0033,1.0
859.0,-26.774093679161517,-2.7971479341864876,30.446969966690975,-7.3418999999999999,-6.9640000000000004,-1.5068999999999999,-1.3655999999999999,6.0
860.0,-15.478871103046055,33.403931782244904,-1.4615850628529683,-6.8490000000000002,-6.5232000000000001,-1.7707999999999999,-1.601,15.0
862.0,37.761387601831565,21.337917207431211,31.152431056700568,-6.8992000000000004,-5.7697000000000003,-3.5691999999999999,-1.9329000000000001,15.0
864.0,-0.26606771241159544,-27.37689447476566,30.261360212201026,-9.4784000000000006,-8.0904000000000007,-0.2223,1.2102999999999999,1.0
865.0,-1.2187237274841458,-36.212029101615059,-0.83585801170873275,-6.8701999999999996,-6.6052999999999997,-1.8451,-1.6559999999999999,14.0
867.0,41.134169497259066,-20.386871812889648,-30.809628545377407,-9.4544999999999995,-8.2133000000000003,-0.10150000000000001,1.2619,1.0
869.0,-21.316592718452799,-40.864957580091037,39.715344707379742,-6.9100000000000001,-6.5697999999999999,-1.7556,-1.6907000000000001,14.0
873.0,13.289126037758939,2.0565151710717378,30.00048621197039,-6.6717000000000004,-6.5555000000000003,-1.8357000000000001,-1.7423999999999999,15.0
874.0,-35.627903497267141,26.127876990461328,-0.81256978041514427,-8.9290000000000003,-7.8121,-0.24560000000000001,0.87450000000000006,1.0
876.0,36.042262776758179,-32.691457227533576,-3.1626600613047131,-6.8063000000000002,-6.7215999999999996,-1.7378,-1.6433,14.0
880.0,18.27532711318657,17.413640486204944,-23.543834239117306,-6.4486999999999997,-5.8151000000000002,-3.5495000000000001,-2.1286,15.0
881.0,27.7079803404256,-21.468278806375352,9.4301424105043967,-7.2643000000000004,-6.8357000000000001,-1.6480999999999999,-1.3030999999999999,7.0
882.0,-38.872447394771022,40.468813294955723,13.587065692241472,-7.0220000000000002,-6.6140999999999996,-1.7921,-1.4869000000000001,8.0
886.0,-11.347105111071397,-22.572608253936622,17.59690306740093,-7.8579999999999997,-7.1348000000000003,-1.6124000000000001,-1.2025999999999999,4.0
887.0,-12.252969559218997,-20.474253228583468,4.3587255027120237,-8.5305,-7.4089,-1.0423,-0.20799999999999999,2.0
888.0,-17.626393801748922,-15.344743542606082,-15.955356407222212,-7.1935000000000002,-6.7514000000000003,-1.7605,-1.5651999999999999,8.0
889.0,-17.33111421468432,-9.4475479274827254,-31.440419897711138,-9.5966000000000005,-8.2443000000000008,-0.4027,1.2278,1.0
890.0,-26.726807212665555,-8.7412176467556399,22.907230855003604,-8.8271999999999995,-7.5697000000000001,-0.78280000000000005,0.54369999999999996,1.0
891.0,-31.482766398216789,-0.01514708263146179,-9.1243231908951969,-6.8704999999999998,-6.7115,-1.8777999999999999,-1.6289,14.0
892.0,-36.884890793136002,42.550747498718486,-16.45893190365992,-8.6832999999999991,-6.8159999999999998,-1.4611000000000001,0.094500000000000001,1.0
896.0,26.574391879608012,-18.222085894521996,-16.567471883610313,-6.7834000000000003,-6.5883000000000003,-1.8205,-1.7228000000000001,14.0
897.0,-20.800305712969649,13.409494439574228,28.413667675397821,-9.1298999999999992,-7.9901999999999997,-0.66479999999999995,-0.1081,1.0
898.0,-37.29602573580965,40.936183868705982,28.459898100152362,-6.7397999999999998,-6.7032999999999996,-1.9256,-1.7575000000000001,14.0
902.0,29.333584704187651,-25.278559955936046,-20.604359233824059,-6.6657999999999999,-6.4097999999999997,-2.0893999999999999,-1.7446999999999999,15.0
903.0,21.968621807008013,15.593590075242318,-12.454865772744281,-7.7340999999999998,-6.9551999999999996,-1.1253,-0.41949999999999998,3.0
904.0,15.099286059222988,24.171947825563379,5.1656142127455738,-7.149,-6.8807,-1.6202000000000001,-1.242,7.0
905.0,14.235543960325506,29.681801618370248,28.977111636788443,-7.5780000000000003,-6.9333999999999998,-1.4938,-0.97409999999999997,4.0
906.0,15.874063689581535,33.806526106355179,38.755198534476293,-9.3680000000000003,-8.0281000000000002,-0.43309999999999998,1.0373000000000001,1.0
910.0,1.0740047208251913,14.707464531249592,-32.346833306387865,-8.7646999999999995,-7.2270000000000003,-0.92710000000000004,0.24679999999999999,2.0
911.0,-5.9720321893167716,25.550786535326342,-25.275505367249551,-6.8738999999999999,-6.3646000000000003,-1.6729000000000001,-1.3683000000000001,6.0
912.0,-10.394969846634385,39.233920399702463,-19.54745995135854,-9.2573000000000008,-7.5867000000000004,-0.39050000000000001,1.1624000000000001,1.0
914.0,-18.772341387946636,-40.405307625623401,-11.133352692637299,-7.5023,-6.8171999999999997,-1.6886000000000001,-1.3452999999999999,5.0
916.0,-23.854593501573977,-30.013237900381974,-5.6607488395893437,-9.593,-8.2393999999999998,-0.4143,0.57630000000000003,1.0
917.0,-23.968105378763195,9.5406989056872504,6.2672260523121688,-8.8321000000000005,-8.0490999999999993,-0.63880000000000003,0.64339999999999997,1.0
918.0,-38.537052549156535,38.65650081859647,1.6780022155525529,-6.7622999999999998,-6.5259,-1.7925,-1.5886,14.0
922.0,4.8125766504408745,6.5955141393041279,-34.468809658900874,-8.6076999999999995,-7.4131999999999998,-0.84319999999999995,-0.082900000000000001,2.0
924.0,26.26054576164632,-17.230672882298805,-38.86793496455941,-6.806,-6.5514999999999999,-1.9415,-1.6854,13.0
926.0,-32.500991887462995,-23.796758772229285,-21.441618217279633,-6.6188000000000002,-6.3841000000000001,-2.0817000000000001,-1.6931,15.0
