0.0,-24.50943592477222,15.04119213057561,12.619521992445994,-6.2844417647058828,-5.0159789120670917,2.7978582352941168,4.2539582352941165,1.0
1.0,-4.873178242248656,-3.3829173688421417,29.691997007138092,-5.1226500000000001,-4.8936919488929522,-0.25885000000000047,-0.18735000000000035,14.0
2.0,9.7238484536761884,-18.191000564643126,9.6234219320418468,-5.765641764705884,-5.0716472186428012,2.1077582352941167,3.4771582352941168,1.0
3.0,-7.5479502289787623,-2.609061224568745,1.8055376596455535,-5.2128083333333342,-4.9269127230248948,-0.82020833333333432,-0.06090833333333423,11.0
4.0,-18.468281975638281,16.788870101815665,-4.5045985039228738,-6.2464417647058825,-4.9214513889419278,2.7374582352941168,4.1644582352941164,1.0
5.0,-24.206501251172732,16.421556300193156,-7.8036932589617951,-5.2649417647058838,-4.5501404789237974,2.8198582352941166,3.1705582352941168,1.0
6.0,-21.90482082135085,24.611960428818321,-8.2216683260359318,-6.5535417647058827,-5.0954443573316537,2.6061582352941168,4.0745582352941163,1.0
7.0,-18.410727178700458,12.05215879248248,-20.847408353540118,-5.1147500000000008,-5.0293450827284163,-1.0073500000000006,-0.30845000000000034,14.0
8.0,-0.37028020222799729,-12.222991954302925,-16.647368036304805,-6.4068417647058835,-5.0509663719251083,2.2995582352941168,3.9118582352941167,1.0
9.0,-13.473798378633411,-22.13999003211153,-30.512724395624335,-5.2182059405940588,-5.0455667708852188,-0.31400594059405917,-0.25850594059405929,15.0
10.0,-18.880332186693714,-21.068478703175707,32.699636261825482,-6.3482417647058833,-4.9388270775083916,2.4221582352941167,3.7013582352941166,1.0
12.0,-15.474659640175169,-23.29174630467859,-21.054361124520597,-5.1879500000000007,-4.9938854574202249,-0.18345000000000034,-0.062150000000000372,14.0
13.0,25.484263992607879,-17.677311506160422,-31.099779175248873,-5.1452500000000008,-4.9453468491421688,-0.33855000000000035,-0.2101500000000005,14.0
14.0,-40.139800022701131,-38.608118707725801,-34.208284713308807,-6.4629417647058824,-4.8818839242172078,2.5998582352941169,3.910758235294117,1.0
22.0,3.3525397459423427,-18.504998545560486,7.4352998037210165,-5.2746941176470594,-4.9520252128183291,-0.71729411764705953,-0.065694117647059569,12.0
23.0,21.05455103640902,-30.341909069614243,22.203730201491215,-6.6617417647058828,-5.0236279923599376,2.7491582352941166,4.3888582352941166,1.0
24.0,21.963970338076933,-33.398868892097305,29.295286389722651,-6.2407599999999999,-4.9778837703137722,1.3518400000000002,2.4987400000000002,2.0
26.0,32.769329841061584,-28.431372095850886,-8.5997129241794443,-5.547957142857145,-5.1909706889339002,-0.23575714285714455,0.26944285714285532,8.0
28.0,23.827523087314777,-8.639997491836839,-5.7529157053468323,-5.905541764705883,-4.7772048439132666,2.4905582352941167,3.7336582352941168,1.0
29.0,14.043370445821466,-2.3626326411770835,-1.7508450297866667,-5.6449687500000003,-5.0299677509158354,0.24503124999999981,0.70773124999999992,5.0
30.0,7.231971406394913,9.6204008415582081,-0.98227288550495895,-6.3535417647058834,-5.0114461237454062,2.6978582352941167,4.2455582352941166,1.0
31.0,-12.834173140131933,6.1592529864700802,12.271123804385637,-5.1759500000000003,-5.0138108394176371,-0.79105000000000025,-0.1022500000000004,14.0
32.0,-26.186255000692455,32.204642659315709,6.4192313298484063,-6.541541764705884,-5.0598902989334276,2.4065582352941171,3.9929582352941169,1.0
33.0,41.805529642075435,37.695918285657577,26.706786883676681,-6.4534417647058833,-5.1321316128103014,1.7198582352941167,3.8072582352941167,1.0
37.0,-39.507117145146132,-40.81183045638933,27.440640815504743,-6.2920417647058828,-4.9317918123007738,2.6224582352941166,3.3687582352941168,1.0
41.0,28.180972280760574,-18.335782658991786,30.238873848415825,-5.2563466666666656,-4.9281112363259219,-0.69364666666666608,-0.27474666666666603,13.0
42.0,0.99201767492314219,-14.740306028007858,-0.49595017080823178,-5.1712059405940591,-4.9921648584703524,-0.29660594059405931,-0.17110594059405915,15.0
43.0,13.464216763591384,-30.727300823533334,-29.962926764516137,-5.232605940594059,-5.0342820166260198,-0.3610059405940591,-0.19670594059405921,15.0
44.0,-20.128169372696174,-24.513008691012665,2.3327935766293342,-6.4676417647058839,-5.1225466541717362,2.9128582352941166,4.4402582352941167,1.0
45.0,-20.585113602207631,-17.952266250659004,-2.4521958551467762,-5.5555599999999998,-5.0927144077964899,1.6951399999999999,1.8537399999999999,2.0
46.0,-24.065362388179974,-11.051357491050085,-17.931201370986621,-4.9917900000000008,-4.8849285581376929,0.02680999999999889,0.37610999999999883,7.0
47.0,-31.751414981423384,-0.84138279171903019,-38.785063315413211,-5.50066875,-5.0151889723253378,0.011031249999999826,0.57773124999999981,5.0
49.0,-22.482393946021418,18.400039556908212,-28.495281077031944,-5.0997500000000002,-5.0173992968389722,-0.37185000000000046,-0.23805000000000032,14.0
50.0,-37.875195816506512,-38.101498286647349,-30.166258653750884,-6.2040417647058836,-5.2136745860556362,2.2927582352941167,3.7572582352941168,1.0
54.0,3.9650536582426503,-17.059832270107901,17.74735532376884,-5.1515500000000003,-4.9630530535237556,-0.35575000000000045,-0.099450000000000482,14.0
55.0,-7.2473997703124748,5.0974462125398192,4.0316887538610215,-6.190941764705884,-4.9598856565862253,2.7216582352941168,3.5772582352941167,1.0
56.0,11.352217117942008,-31.225271952306869,-32.522859596609443,-5.582523076923076,-5.0532711589055861,1.0326769230769239,1.4216769230769239,3.0
57.0,26.098782819542606,36.69623087688683,-11.244830081049498,-5.3367941176470595,-4.957691198220437,-0.10019411764705954,-0.0052941176470595597,12.0
59.0,-22.477885691243547,-6.1527318472256951,24.173155403395075,-5.5401059405940591,-5.1606807076380417,-0.57030594059405937,-0.28230594059405911,15.0
60.0,9.6116231483433552,5.6330504526922676,25.757533233844402,-5.1911059405940589,-5.0776740214971623,-0.2170059405940592,-0.17090594059405917,15.0
61.0,26.836301861071643,36.763634456666239,29.046565160743857,-5.1953500000000004,-4.9636196520639659,-0.3663500000000004,-0.17965000000000053,14.0
63.0,41.848330704491573,25.383231424287718,-32.552766059512528,-5.8089417647058825,-4.7963275446453801,2.272058235294117,3.8234582352941167,1.0
65.0,-27.066882216136715,36.920445070129986,19.089806530640274,-6.5353417647058825,-5.0634315398097449,2.832258235294117,4.3771582352941163,1.0
67.0,-25.483377277989309,23.798778401895838,23.524827432510893,-5.3795687499999998,-5.010797833638704,0.11773124999999984,0.70613124999999988,5.0
68.0,-10.686501411824095,3.4751919390254873,35.732534364889034,-5.5024571428571436,-5.0264682460927039,-0.31685714285714361,-0.11775714285714356,9.0
70.0,-17.930799495320073,6.9100630457853036,-13.216392739936847,-5.3083059405940594,-5.1156361236912842,-0.41620594059405924,-0.3480059405940592,15.0
71.0,42.073066583972761,-13.020727712094589,-1.3228057468784207,-5.1084059405940589,-5.0413644983786554,-0.83920594059405929,-0.69340594059405936,15.0
73.0,-36.683740265894315,-16.425143873793658,22.941506868024316,-5.3556059405940593,-5.038862021492724,-0.20730594059405916,-0.079105940594059287,15.0
75.0,28.178785658139795,5.1181697499858325,8.298117719203546,-5.0538059405940592,-4.9566580166171441,-0.4509059405940592,-0.23380594059405913,15.0
76.0,9.8116783223225621,5.5764680736693828,18.811439632064143,-6.5238417647058826,-5.0674921626812557,2.8055582352941166,4.338358235294117,1.0
77.0,15.88440926550456,-1.3591526646353076,19.578926294043598,-5.9377800000000009,-5.050465043314774,0.5719199999999991,1.385319999999999,4.0
78.0,29.423253141814612,-23.995745927923092,21.367096838226779,-5.2203800000000005,-4.9766655834523199,-0.45558000000000076,-0.045780000000000598,10.0
79.0,-21.173622495557748,-42.332555188955197,-13.598594284034993,-5.2303059405940591,-5.0676641139534384,-0.3964059405940592,-0.2714059405940592,15.0
81.0,-1.9228586250441801,-10.543919507425468,9.1411065092090027,-5.3414466666666662,-5.0979491487541031,-0.47134666666666591,-0.36014666666666595,13.0
82.0,15.950005036935215,-31.795487733947748,26.622868592049361,-6.3640600000000003,-5.0103215367408396,1.02064,1.5984400000000001,2.0
83.0,34.929985443614349,-1.6673861416752145,-9.3474449166709324,-5.029105940594059,-4.8939072282887999,-0.34170594059405923,-0.14660594059405918,15.0
85.0,-15.49843873742914,7.727373097610946,1.9935463916574663,-6.2716600000000007,-5.0770385148506589,1.4286400000000001,2.2432400000000001,2.0
86.0,0.82281421198889337,-13.708453312235683,17.255427045825705,-5.1954466666666663,-5.0616868421806132,-0.19604666666666604,-0.084546666666666104,13.0
87.0,-6.5251013892400342,-32.353978930032476,36.067032668557836,-5.2802059405940591,-5.0415533645587258,-0.23960594059405915,-0.11160594059405926,15.0
89.0,20.041166087387868,-10.597192574080008,14.946532542284839,-6.3884600000000002,-4.9744841790725074,1.22994,2.3343400000000001,2.0
90.0,20.796204812512944,-17.764347406859681,14.960837301676582,-6.381141764705883,-5.0047413743529114,2.6431582352941168,4.2054582352941168,1.0
91.0,38.616693884708546,-35.47794208522604,18.86901559781052,-5.0704941176470593,-4.9655763612383703,-0.32919411764705941,-0.069694117647059572,12.0
95.0,27.613019689851058,-27.907701601168135,-6.9739029214203407,-6.4111417647058824,-5.110978600642432,2.7212582352941168,3.7775582352941166,1.0
96.0,-36.8474759514813,31.482199004173154,-4.0444225411175312,-5.1173500000000001,-4.8988857688448846,-0.39485000000000037,-0.094250000000000389,14.0
98.0,-33.202023436974109,-33.054328878233058,35.176980257915091,-6.4971417647058827,-5.0935556955309513,2.5850582352941167,3.9941582352941167,1.0
106.0,-9.9718860762288539,32.207874330061181,26.489608577735495,-5.2951500000000005,-5.1109824890637858,-0.18535000000000035,-0.12335000000000051,14.0
107.0,-2.2359726402884248,21.398755500448523,25.644577249034423,-5.5605687499999998,-4.9771324370411802,0.17623124999999984,0.92123124999999995,5.0
108.0,14.87164821978191,-2.2843750188027774,21.909491499375005,-5.4774571428571432,-5.0831281001137807,-0.094157142857143494,0.24944285714285641,9.0
109.0,29.90611717658178,-15.81461540136984,22.176216512345217,-6.4261417647058829,-5.0063467368835095,2.1596582352941169,3.8183582352941166,1.0
110.0,12.394570967572887,-3.0835257595411378,-7.3632243155558896,-5.226905940594059,-4.9771027806097496,-0.41560594059405931,-0.20920594059405917,15.0
111.0,-18.83140000326263,13.265756690898391,-10.613278146993938,-5.1197571428571438,-4.8539862071435387,-0.51785714285714368,0.17014285714285649,9.0
112.0,-2.0886142129584937,-6.4649161046132742,-3.2364007625927385,-5.5586687499999998,-4.8929453372748615,-0.023768750000000116,0.038031249999999961,5.0
113.0,6.0452690135522253,-12.312349273597205,2.2510518864095337,-5.902041764705884,-4.9833994960049726,2.3273582352941169,3.7580582352941168,1.0
114.0,10.667107393004542,16.737343737657582,31.835189455336081,-6.1118417647058836,-5.1580534960249445,1.6591582352941168,3.3696582352941169,1.0
115.0,4.9966211961975784,13.143136748890733,36.60733104357908,-6.5083417647058832,-5.0187174716781113,2.7754582352941166,4.2454582352941168,1.0
117.0,-11.285051331153936,33.351781957563063,41.499611626462169,-5.4877941176470593,-5.01987538800857,-0.48239411764705942,-0.11839411764705954,12.0
121.0,-26.9525847501315,-29.22152593444244,-40.794711655891589,-6.4931417647058831,-5.0765105227796106,2.8666582352941168,4.1302582352941171,1.0
123.0,5.0515396059377595,38.665301544929214,40.448570009957741,-5.1197059405940593,-4.9585938949628643,-0.44200594059405929,-0.32450594059405913,15.0
127.0,-38.709188202191257,14.194022611212551,20.512640711397125,-5.4756571428571448,-5.1587217886869032,-0.13825714285714463,0.16864285714285532,8.0
129.0,-29.789879009210583,6.8468444987233514,37.65559433059245,-6.0059417647058835,-4.9304697490402827,2.5226582352941169,3.6679582352941167,1.0
131.0,-27.47109865861464,-2.1202768536506653,-36.411224976238877,-5.5854857142857144,-5.0660492012588563,0.05361428571428517,0.39541428571428527,6.0
133.0,38.904112912353305,-6.8521827670744884,-38.06093038510005,-5.2840500000000006,-5.0876102992800911,-0.30565000000000042,-0.21295000000000042,14.0
137.0,-26.121334913759139,-26.257243222431804,32.453132096974905,-6.421541764705883,-5.1532846249781707,2.5609582352941169,3.2748582352941167,1.0
138.0,40.985113549149133,-19.93770914113604,-21.58722664918238,-6.3998417647058838,-5.0039859096326307,2.4296582352941165,3.6704582352941166,1.0
140.0,32.652967268735367,-2.2810629670526388,0.92690236200942011,-5.0953500000000007,-4.9560650048611556,-0.26315000000000044,-0.10165000000000046,14.0
142.0,0.40594887433405913,13.843335377153448,-26.857509186796232,-5.5457857142857145,-4.960048057694423,-0.14368571428571486,0.22101428571428516,6.0
143.0,-3.6311577775613126,23.504092335605979,-20.168273154207448,-5.6699417647058832,-4.943359865830077,1.9034582352941167,2.6389582352941168,1.0
144.0,-12.743165468284838,35.264411309771717,-12.68085140336875,-5.3821900000000014,-4.9583030690949892,0.10630999999999879,0.38070999999999877,7.0
146.0,-18.059311189426932,-34.693238247015756,-3.5845918984564706,-6.2955417647058836,-5.131895530085214,2.3799582352941169,3.4533582352941168,1.0
148.0,-11.970406263508451,29.71130700220586,-30.080080226401268,-5.1932500000000008,-4.9842060656916241,-0.66115000000000057,-0.42605000000000048,14.0
149.0,3.1393845191714758,5.3990276279226093,-39.437643654116911,-6.3545417647058828,-4.9944481675390824,2.7552582352941166,3.8799582352941169,1.0
151.0,-28.586748415076432,-19.913245937794432,-29.651115423481659,-6.2758417647058833,-5.0655562843355355,2.6748582352941166,4.1215582352941169,1.0
152.0,-24.432405649368203,-32.696799939295303,-38.152710975497612,-5.1115900000000014,-4.9822418574188942,-0.67019000000000117,-0.10729000000000122,7.0
156.0,-11.771487933969595,42.184510605944496,40.108990681914413,-6.0740417647058829,-4.8111063232358777,2.7191582352941168,3.8962582352941166,1.0
160.0,-5.5784876038129791,28.950093419306182,38.814719019615922,-5.7465857142857146,-5.1761109676948003,0.20141428571428532,0.50331428571428516,6.0
162.0,-13.842089755751452,0.027912416168885228,38.298172189035505,-6.2476417647058833,-5.1207996420060864,2.2737582352941166,3.7576582352941168,1.0
164.0,-27.050864050023659,28.258925308420533,33.560235382823407,-5.1553500000000003,-5.0509230438014434,-0.38425000000000042,-0.2706500000000005,14.0
166.0,-5.6018028544103382,27.12959696525089,-17.318738017958296,-4.9878500000000008,-4.8778744063120687,-0.51335000000000042,-0.29075000000000051,14.0
167.0,10.914998156433478,10.847385033995478,-33.404888786335647,-6.503441764705884,-5.0805711456511213,2.8575582352941167,4.0960582352941168,1.0
169.0,1.7854117236967908,-41.12055775298667,-30.787704354709241,-5.0598059405940594,-4.9667151407058849,-0.33820594059405917,-0.21620594059405929,15.0
171.0,15.23556177696082,-35.748713382323729,2.897347782313195,-5.2186059405940588,-4.9854601090778585,-0.58790594059405921,-0.32970594059405922,15.0
173.0,20.19169859351442,10.169967272357988,6.6909546320696069,-6.3566417647058833,-5.0115877733804588,2.6567582352941166,3.715258235294117,1.0
174.0,18.136156988706745,24.804380991013748,33.639454805583355,-5.07735,-4.9579064501168411,-0.2363500000000005,-0.12595000000000045,14.0
176.0,-34.213118863687818,7.9025801680540173,-39.497198494593555,-5.2397059405940594,-4.8854082501856384,-0.53180594059405939,-0.3348059405940591,15.0
180.0,9.412493055428083,-2.6152511145431854,-41.673160230142429,-6.3174600000000005,-4.9745786121625422,1.14354,2.4710399999999999,2.0
182.0,28.555760618223271,-22.135341647369287,37.801414577865835,-5.3859941176470594,-5.0937220644160419,-0.59349411764705939,-0.24799411764705948,12.0
184.0,-36.157150842337181,-38.944908452042334,33.713147016257643,-6.5231417647058825,-5.0726859826331872,2.7970582352941169,4.3038582352941166,1.0
192.0,3.7879640955697336,13.575043791904525,34.292525629148223,-5.1527500000000002,-4.9953019537707517,-0.25755000000000039,-0.090450000000000363,14.0
194.0,-18.836750586355191,36.29480217395399,40.388746109473416,-6.2746417647058825,-5.1945991018685405,2.2624582352941167,3.6844582352941169,1.0
198.0,-24.218044074451484,-38.662206480510889,6.6681426161202317,-5.2154500000000006,-4.9990320608271395,-0.42825000000000046,-0.14085000000000036,14.0
200.0,-12.724976391228784,19.749372354542878,-3.2631075943158412,-6.3957417647058827,-4.9951091991693284,2.7431582352941168,3.905458235294117,1.0
201.0,-35.629567279838966,34.004036991774804,-9.9697426398095459,-5.1941500000000005,-5.0318947761593646,-0.47455000000000025,-0.27345000000000041,14.0
205.0,-21.982483605814952,5.1311229351319252,-5.1359163027526344,-6.5540417647058833,-5.0888340410291946,2.7067582352941169,4.2986582352941163,1.0
206.0,8.7492809119052595,6.4008810851920028,8.2215752428897257,-5.1315059405940593,-5.0343292331710385,-0.32480594059405932,-0.25210594059405911,15.0
207.0,-26.325689088431069,-9.1787038720573779,-38.348131376243707,-6.0890599999999999,-5.2911655465053151,0.91744000000000003,1.6691400000000001,2.0
209.0,-22.579305569480205,-6.4615161406007804,40.289288155914122,-6.1723599999999994,-5.1047074102309509,1.2478400000000001,1.74234,2.0
211.0,-29.824900637599171,1.9740143081542829,14.410108062577322,-5.6371083333333338,-5.161295652492087,-0.35600833333333415,-0.18240833333333417,11.0
212.0,-31.175018638114189,-21.78476388021846,25.556526817173879,-5.1455500000000001,-5.0092308345509338,-0.35815000000000041,-0.073250000000000481,14.0
213.0,-42.294649637602575,-4.2301971103214226,-40.797468117474487,-6.1641417647058825,-4.8002465178818383,2.3462582352941168,3.8578582352941169,1.0
217.0,-3.3545984066201715,-34.955725865693445,-14.767186027952119,-5.2873059405940595,-5.0772490725920045,-0.30990594059405918,-0.21490594059405921,15.0
219.0,-13.591334630587292,-22.629735384804654,-8.4630667975501783,-5.2176059405940594,-5.069458342664106,-0.35140594059405927,-0.25610594059405911,15.0
220.0,31.073203350228709,10.80451748371919,41.110497453288417,-6.1315600000000003,-4.914755249625288,1.3930400000000001,1.63374,2.0
222.0,36.405541520509928,8.7821478462304619,36.874230977817831,-6.4747417647058834,-4.9569110142501183,2.806558235294117,4.360458235294117,1.0
226.0,-40.656909150916704,-9.2401873595872424,24.980464557414845,-5.4024083333333346,-5.004678372668824,-0.39200833333333418,-0.033208333333334172,11.0
228.0,-31.694369376012872,-22.305882395803003,6.6506736241327111,-6.1173417647058832,-4.9864213548860965,2.6335582352941169,3.745358235294117,1.0
229.0,-22.1749351945091,-14.075768374993062,0.4444693473376044,-5.0808059405940593,-4.9546749217264061,-0.35190594059405922,-0.30760594059405921,15.0
230.0,9.0227922444468991,31.212341624036732,-4.0863916850797892,-5.212805940594059,-4.9900873304895796,-0.45910594059405918,-0.25120594059405921,15.0
231.0,18.462695548851446,8.5713091421878467,-11.755446869574479,-6.2695417647058838,-4.9919929071981697,2.4700582352941169,3.6319582352941167,1.0
232.0,31.976398623884613,-2.00792845657051,-25.000472507255768,-5.4913571428571446,-5.0772260319865863,-0.09895714285714452,0.3706428571428555,8.0
233.0,-38.119227177311821,-21.350697074714219,-42.132340605580175,-5.6167857142857152,-5.0287481306949804,-0.13928571428571468,0.35581428571428519,6.0
237.0,42.126165817200516,-25.450181690145175,26.713008980336902,-6.4123417647058831,-5.1687244351989143,2.3415582352941167,4.022058235294117,1.0
239.0,17.583033149117433,-6.029516217806119,36.941190243496031,-5.1087500000000006,-4.9511544841793285,-0.42065000000000041,-0.22265000000000046,14.0
241.0,-2.5133712619338735,-9.4629356840839982,20.874160791882083,-5.394605940594059,-5.1033126054417002,-0.50620594059405932,-0.043505940594059211,15.0
242.0,31.594776339265639,-5.7533325502011765,13.594738114284464,-6.4345417647058829,-5.0475667806838427,2.3438582352941166,3.5834582352941169,1.0
243.0,-37.963425779539151,-22.534559024891532,-3.8979376688809544,-5.2389941176470591,-4.9776165802178491,-0.36939411764705943,-0.081094117647059427,12.0
245.0,-24.869392576694299,-41.6850560234775,-18.928414124696442,-6.5147600000000008,-5.0281693907574789,1.25684,2.6362399999999999,2.0
247.0,-25.698949842998896,-10.182495388103289,-1.2147055347615814,-5.2882059405940591,-5.0377288244123024,-0.31120594059405926,-0.15930594059405911,15.0
248.0,-17.677480614153755,14.955652397342645,27.428681552007767,-5.2226059405940592,-5.0215335494712781,-0.37670594059405915,-0.09630594059405917,15.0
249.0,6.971254535510627,-11.174733439373513,-5.922697647676733,-5.8917417647058832,-4.9417545032994799,2.4285582352941169,3.3910582352941168,1.0
250.0,16.939314573931295,-31.456608673806386,17.784253957732677,-5.4573500000000008,-5.1112185717888741,-0.28705000000000047,-0.15585000000000049,14.0
251.0,-13.005591017520313,31.685468965342412,16.350937861671767,-5.06616,-4.9017706997454571,0.65003999999999995,1.19004,2.0
252.0,-27.977082036012629,-28.633019477245998,28.222137164292146,-5.1830466666666659,-5.0683443750280901,-0.23954666666666613,0.02365333333333397,13.0
253.0,26.044305258794363,29.354074380651141,0.20155073197189979,-6.4167417647058835,-5.0692863913919233,2.3758582352941167,3.2745582352941169,1.0
254.0,-42.538890784966696,19.979605433039211,24.786077727950946,-5.3416500000000005,-5.1176872384562806,-0.16125000000000034,-0.068350000000000355,14.0
256.0,-31.827048655844354,1.320755624142264,37.604071600207917,-6.5721600000000002,-4.9941262617998143,1.1306400000000001,2.6967400000000001,2.0
258.0,-23.656040050003909,-11.497760299001961,-24.093243129843625,-5.0611466666666658,-4.9100272995841951,-0.24454666666666602,-0.11744666666666603,13.0
259.0,-1.104650966623465,-2.7858602148584715,27.194095941772638,-5.2428059405940592,-5.0126096224629579,-0.44510594059405917,-0.093605940594059245,15.0
260.0,30.713142915600667,6.3895684571388465,33.690995834384012,-5.2498059405940589,-5.0793266005727773,-0.18910594059405916,-0.1222059405940592,15.0
262.0,-38.512065994381885,-17.614788535406188,15.066200417513535,-5.7658230769230761,-4.8933959374761118,0.48407692307692396,1.5413769230769239,3.0
264.0,34.630487734487495,0.72215095701688081,32.635072711097571,-5.1196083333333338,-4.9538733702299238,-0.53090833333333398,-0.17330833333333429,11.0
268.0,19.220228227736019,11.460217664596994,-39.47399877807208,-6.4268417647058831,-5.1072957101310621,2.2420582352941167,3.9240582352941167,1.0
270.0,-39.490721452205875,-39.431703259543752,24.426124487986549,-5.2768059405940591,-5.0073685859660086,-0.53090594059405927,-0.43130594059405913,15.0
274.0,-3.3594088138525691,1.3227841259708553,-20.410508331241275,-6.3682417647058829,-4.9996419874910147,2.7915582352941168,4.1789582352941164,1.0
275.0,-23.762246441933808,22.203060573596932,-24.082176269063581,-5.0954500000000005,-4.9838283333314841,-0.15325000000000033,-0.12905000000000033,14.0
276.0,38.154929560051592,21.335581554741331,-42.256736939037992,-5.2259059405940596,-5.0374455251421972,-0.42020594059405925,-0.25410594059405911,15.0
280.0,2.0009821633332945,-6.1608597973132975,-28.999387816308886,-6.294241764705883,-5.059418133483252,2.7805582352941167,3.9984582352941169,1.0
281.0,-19.973824003270192,16.560093998451624,-32.220168135925171,-5.3289466666666661,-5.1051260635967735,-0.22314666666666594,-0.054946666666666033,13.0
282.0,41.726399298690623,35.276153821374152,-33.454860494154609,-6.2175417647058824,-5.0407203816562962,2.6501582352941169,4.0129582352941169,1.0
290.0,11.042066425013333,28.80823103684974,-5.080265945231635,-5.3552059405940593,-5.1107256030094579,-0.26380594059405915,-0.15230594059405922,15.0
291.0,-19.132081521255827,17.925436395743812,38.777294106062996,-5.1665059405940594,-4.9838075300022435,-0.38020594059405921,-0.15210594059405924,15.0
293.0,-32.616615330720897,17.973267468891397,10.205559136914882,-6.4869417647058834,-5.0229669607296916,2.5095582352941168,3.7520582352941165,1.0
295.0,-41.09595415021554,-42.15852527762609,5.3718083698940138,-5.0685466666666663,-4.9652234407097282,-0.50204666666666586,-0.20424666666666602,13.0
299.0,24.433351151723436,-21.584849494127869,1.9224373532773973,-6.4166417647058838,-5.0741024789837148,2.7596582352941166,4.2539582352941165,1.0
300.0,-18.916276176456677,-39.513602324707485,9.5932658533408333,-5.277605940594059,-5.0566626589643464,-0.30890594059405929,-0.1717059405940593,15.0
302.0,5.7769696235022456,4.3763430372948475,-1.757379136325161,-5.3768059405940596,-5.0030718803694096,-0.18970594059405932,-0.072805940594059315,15.0
303.0,13.902745187926875,-29.600953244193292,21.846161245518779,-5.0059417647058835,-4.8465659485440691,0.89405823529411688,2.9493582352941168,1.0
304.0,8.576611524596311,-32.870150667068295,21.24526927959554,-6.4040417647058829,-5.089022907209265,2.9018582352941169,4.2317582352941168,1.0
306.0,5.5778905840072079,-23.341514419164877,15.284158929650987,-5.7053800000000008,-5.0023986004868934,-0.1256800000000009,0.453819999999999,4.0
307.0,4.4831493425822133,-16.428222550280804,6.689973502455735,-5.5189417647058834,-4.5930603183447634,2.5604582352941168,3.3418582352941169,1.0
308.0,-1.8380000769002791,-15.646778967856928,7.3050903396731224,-6.4872417647058827,-5.0651313354303769,2.7610582352941169,4.2367582352941167,1.0
309.0,-6.3447435758979873,-4.1578212240400427,-0.38424374855728738,-4.9347857142857148,-4.6403448313804914,0.05261428571428528,0.44661428571428519,6.0
310.0,-9.8231867149186645,8.114396361597894,-7.1511333079821009,-6.1719417647058838,-5.1102231359221513,2.5348582352941169,3.4093582352941167,1.0
311.0,-15.867676520995341,39.139142770864161,33.379128992559181,-5.3323571428571448,-5.0005463628780618,-0.23555714285714457,0.11894285714285546,8.0
315.0,-34.251474238520984,-24.606628606014265,-41.824723237758477,-4.9471900000000009,-4.9153360131290045,-0.15049000000000112,0.38390999999999886,7.0
319.0,9.0065455648204757,36.037139602510493,40.040630009465836,-5.2061059405940595,-4.9895207319493693,-0.68410594059405927,-0.22730594059405917,15.0
323.0,30.524615480937683,32.651558975028486,-31.660252794618472,-5.0983059405940594,-4.9741281382736426,-0.34980594059405923,-0.1516059405940593,15.0
325.0,35.784043456044643,-34.823034675077849,-18.16901573606442,-5.2140059405940589,-5.0458028536103061,-0.2987059405940593,-0.15600594059405926,15.0
329.0,23.82807339593564,-16.319497746888839,42.163940217349712,-5.1814059405940593,-4.9858378414379985,-0.30200594059405916,-0.14540594059405931,15.0
331.0,0.23343367458419617,21.165364573337424,-34.267068206247195,-6.1470230769230767,-4.9783857185077283,0.40347692307692395,1.1659769230769239,3.0
333.0,-18.074488853742434,40.848667041713668,-19.180592720332388,-5.2616941176470595,-5.0526436702507604,-0.22509411764705956,-0.038794117647059423,12.0
335.0,32.402110628613563,29.73034679455272,34.427449766414504,-5.3075059405940594,-5.0738966978957576,-0.39880594059405916,-0.16620594059405924,15.0
337.0,7.7089622194305827,-25.166842136446167,-18.806931300261411,-5.0099500000000008,-4.9680107907505997,-0.23245000000000049,-0.087950000000000417,14.0
338.0,17.973721416591818,37.62363020765676,-4.1189418391697368,-6.3863417647058833,-5.022825311094639,2.7352582352941166,3.7181582352941169,1.0
340.0,-19.34528620344576,11.276505864002875,-18.767202275964983,-5.3126059405940591,-5.05581276115403,-0.90990594059405927,-0.38280594059405915,15.0
341.0,16.583247243280795,-7.1805483909987196,-10.708788790117364,-5.1001941176470593,-4.9332330279013386,-0.15669411764705954,0.013705882352940568,12.0
342.0,35.11739329267543,-26.300088232142457,-12.684659754458998,-6.09056,-4.92207381410301,0.91633999999999993,2.3582399999999999,2.0
344.0,41.988695852978637,-29.598409793604088,-8.85813906769339,-6.2037417647058826,-5.1513015300874327,2.5105582352941167,3.9449582352941168,1.0
346.0,-35.661320186343104,7.2648052483094654,4.0948999719061048,-5.4127059405940594,-5.1419829558110859,-0.43780594059405931,-0.39120594059405911,15.0
348.0,6.829357829864807,-2.6818670923100201,2.5447371143522015,-5.1801417647058825,-4.855914824457547,2.3045582352941167,2.6961582352941167,1.0
349.0,-7.5625409503881347,25.352725848937375,7.3382223620058245,-5.1928500000000009,-5.0329335401497506,-0.27715000000000045,-0.081850000000000422,14.0
350.0,-29.059298544328634,-27.897308893655914,-22.198785723189026,-5.0831059405940593,-4.9232287027447077,-0.66810594059405926,-0.54330594059405923,15.0
351.0,30.409788648438809,4.5868476648024421,17.90896585343042,-5.3621059405940592,-5.0469832672357455,-0.3973059405940591,-0.27670594059405929,15.0
352.0,-13.78138933276475,-12.263050102328441,20.816513319643541,-5.8409417647058826,-5.0357626444294512,2.1320582352941169,3.6801582352941167,1.0
353.0,-23.610539269936215,-7.5815492092688705,-10.158439723762294,-5.3457500000000007,-5.0801973017123334,-0.36295000000000033,-0.21805000000000052,14.0
354.0,-13.192809451672861,-25.0804221158735,40.273119156153541,-5.1417059405940595,-5.0223834472815936,-0.21540594059405915,-0.18050594059405922,15.0
356.0,34.645448848645295,23.866051962676188,-28.291793855229727,-5.3540059405940594,-5.1284790239360625,-0.34850594059405915,-0.1726059405940592,15.0
358.0,42.48659217363948,-40.186453098261609,-41.834375702358393,-5.1853500000000006,-4.9343926106980938,-0.41225000000000045,-0.17335000000000034,14.0
366.0,22.459699025615926,-18.836797598541754,-40.239596500120385,-6.5114417647058831,-5.0798156809308397,2.6261582352941168,3.985858235294117,1.0
368.0,20.58465949262056,26.796328400150824,8.1622033413832842,-6.4119417647058841,-4.9835411456400251,2.4691582352941168,3.8171582352941167,1.0
369.0,19.624569854616812,19.479464260801418,1.1629287721249952,-5.4486230769230763,-4.9262114362633191,0.73517692307692384,1.7574769230769238,3.0
370.0,28.492377766474362,4.3149646272750575,-20.608319226596389,-5.2575083333333339,-5.003356309408332,-0.32250833333333428,-0.16930833333333428,11.0
371.0,11.455025184425748,28.84905317970944,1.8676638384721991,-5.1638800000000007,-4.729864702645509,0.61031999999999909,1.2372199999999989,4.0
372.0,14.151227506444446,26.462279565734399,-4.8105797879346914,-5.9724417647058834,-4.8899107368701937,2.5833582352941167,3.9299582352941167,1.0
373.0,18.537891619878732,15.639433020513478,-24.842582265104717,-5.3092800000000002,-4.952679578583397,-0.52428000000000052,-0.27648000000000073,10.0
374.0,-35.923236946381493,4.5699664760027705,14.795902706852102,-5.4940059405940591,-5.0275772672335259,-0.61250594059405916,-0.27810594059405913,15.0
376.0,31.584599301030195,1.7293562620154239,-1.8522964939037851,-5.1756500000000001,-4.9194249659275258,-0.23155000000000037,-0.16375000000000051,14.0
377.0,23.976446045170761,18.957931691578324,22.198489963616773,-6.4530417647058824,-5.0784464011253307,2.8630582352941167,4.3173582352941171,1.0
378.0,16.288936560553598,23.730461500636427,22.058972471915112,-5.2812059405940595,-4.9859322745280341,-0.26770594059405917,-0.20610594059405929,15.0
379.0,-22.263613019105811,16.52077183888532,-25.697462662275829,-5.4215059405940593,-4.9871599046984905,-0.33980594059405922,-0.27130594059405921,15.0
380.0,18.256034279521664,-35.9474858241826,40.996771340626978,-5.0945059405940594,-4.9679899874213591,-0.45950594059405914,-0.22460594059405925,15.0
384.0,28.355108143452604,-22.85351008650888,14.443676253865824,-5.323705940594059,-5.0659643183328065,-0.30920594059405926,-0.26230594059405932,15.0
385.0,-21.389792646442636,25.637442705080641,-16.631654264856508,-6.1998417647058828,-4.8686160750672727,2.6826582352941166,3.4586582352941169,1.0
386.0,-40.907714252519398,-41.871581727396418,-22.522163887037841,-5.1937941176470597,-4.8437104585480357,-0.28999411764705951,-0.27349411764705955,12.0
390.0,24.094235999456689,-26.735131618216847,-25.525351772337903,-6.1364417647058831,-5.0495498755745807,2.7004582352941169,4.0876582352941169,1.0
391.0,22.142416296316739,-23.098377780269452,-30.394895766530535,-6.3019417647058829,-5.0569156565973206,2.9024582352941168,4.2155582352941163,1.0
392.0,28.161362338068379,40.022470480869288,-10.66594489074061,-6.2445417647058834,-5.037131924234961,1.8091582352941167,3.2654582352941168,1.0
394.0,10.41477799418017,-28.125944804208419,-28.574808066565932,-5.0699500000000004,-4.9518627323545923,-0.27635000000000032,-0.14815000000000045,14.0
395.0,-17.749442064148823,40.300399214013453,30.844294569995803,-5.4617857142857149,-5.00858666597248,0.18391428571428525,0.56711428571428524,6.0
397.0,-36.306849272677198,-24.079743181976827,-40.362588821921435,-5.5514571428571431,-5.1268034042550283,-0.041457142857143525,0.18654285714285646,9.0
401.0,-31.22660737199411,-25.237661846759238,-27.968055992110141,-4.9002500000000007,-4.9360451897737079,-2.5780500000000002,-0.87075000000000058,14.0
402.0,-40.263538513944269,-4.2841098799842241,-7.2745324654098713,-6.4224417647058827,-5.0367541918748202,2.3762582352941166,3.7975582352941166,1.0
404.0,24.166581524519028,-40.692235174662571,20.95313146746323,-5.0291800000000011,-4.8975306540028809,-0.52968000000000082,-0.24978000000000056,10.0
406.0,17.632764678171437,-25.827592195299189,1.5366707450691046,-6.3524417647058824,-4.9822190823795331,2.8120582352941166,3.7910582352941167,1.0
407.0,11.367435159670581,-23.908554065087724,-3.2416686974506437,-5.9703230769230764,-5.2075276114779703,0.74017692307692395,1.350776923076924,3.0
408.0,10.215428557929638,-14.338634209671255,-4.7296096392679425,-6.322441764705883,-4.9870351699713247,2.6495582352941169,4.0387582352941163,1.0
409.0,38.672296304009087,22.380344966581266,12.217426171649327,-5.1997059405940593,-5.023894376722156,-0.37560594059405927,-0.18370594059405931,15.0
411.0,16.226184569125277,22.67513695514474,-40.288528284027528,-5.770080000000001,-4.9658057780982805,0.25791999999999904,1.034219999999999,4.0
413.0,7.823646823978577,31.820184038012727,-14.388977281514718,-5.0815083333333346,-4.9539678033199595,-0.19070833333333415,0.0043916666666659054,11.0
414.0,1.3823146489249789,21.140825710894322,6.640890894842471,-5.76286875,-5.0780341937437159,-0.76526875000000016,0.41723124999999994,5.0
415.0,17.621044797353001,-6.6530298457056887,3.0104159865296332,-5.4318800000000005,-5.0467349362583862,-0.16948000000000074,-0.059580000000000632,10.0
416.0,-1.9278074808727248,-34.846364398116641,28.754672228214126,-5.2447059405940593,-5.0127512720980105,-0.31300594059405928,-0.14980594059405927,15.0
418.0,9.0535823601701697,-25.619463597137504,-14.058317890985865,-5.3404059405940592,-5.0486358463113596,-0.38780594059405926,-0.11880594059405913,15.0
419.0,21.76945777548287,15.286742350209286,4.0882374317514962,-5.2302941176470599,-5.0530214026109004,-0.19219411764705963,-0.10579411764705959,12.0
420.0,28.720028004463103,-0.93423945046073686,-15.038433384031045,-5.9612417647058829,-4.8422220264024531,1.2803582352941167,1.7999582352941168,1.0
421.0,33.742332196710358,-0.56281373173256544,-16.494415117570504,-6.4571417647058835,-5.0069133354237199,2.7105582352941169,4.0628582352941169,1.0
423.0,31.100838833119607,-7.601186539076048,-17.486951402523733,-6.5082417647058834,-5.0272164497812728,2.820658235294117,4.1854582352941172,1.0
424.0,17.46020172871593,38.694909418165423,-6.7454104387937166,-6.6332417647058834,-5.0745274278888726,2.5590582352941169,4.0509582352941162,1.0
426.0,7.286760503540461,-24.069199700198201,-25.774836159512326,-5.1472500000000005,-4.9816563722606757,-0.27885000000000049,-0.15155000000000052,14.0
427.0,2.9132800555580194,-10.440447667822085,27.293235887850209,-5.0258059405940596,-4.8501847076025344,-0.35780594059405924,-0.2331059405940592,15.0
428.0,38.516829249335416,-7.3027489216130466,-25.086275313718673,-5.2771059405940592,-5.0747465957060731,-0.31410594059405916,-0.18310594059405916,15.0
430.0,-35.206299902675482,3.4980014397605608,25.377330248076593,-6.4007417647058835,-5.0053551894381405,2.4203582352941169,2.8699582352941166,1.0
432.0,-34.826502958874158,9.1704002674464018,14.109874859792095,-5.3616800000000007,-5.0464988535332989,0.26041999999999899,0.472019999999999,4.0
434.0,39.752375078779707,18.875519474170417,-9.7770997214644542,-5.2345800000000002,-5.0271400700760971,-0.44438000000000066,-0.16398000000000068,10.0
436.0,3.3632154236326284,18.923298096445748,-14.840413197284009,-5.8651230769230764,-5.1190910226600712,0.34847692307692379,1.0387769230769239,3.0
437.0,14.498336269912871,-6.1663886338631091,-22.836546391815762,-5.0691941176470596,-4.9557553198747168,-0.30989411764705954,-0.081294117647059405,12.0
438.0,-35.597348496715782,7.810213400008112,37.62890696444952,-5.1122500000000004,-5.0161244501234981,-0.22775000000000034,-0.12925000000000053,14.0
442.0,36.379987773906898,17.923754434569595,12.806742323670273,-6.5529417647058841,-5.0257527368857282,2.8798582352941167,4.2849582352941162,1.0
444.0,18.726870650433337,22.779424826280582,23.78413512093913,-5.0684059405940589,-4.9708229801224135,-0.40690594059405916,-0.20020594059405927,15.0
445.0,33.323584735709368,-2.1831259759445225,-37.893203804239128,-5.2157500000000008,-5.0578166593740077,-0.35785000000000045,-0.23515000000000041,14.0
449.0,-38.038120154328432,-20.253432997303751,28.20665345720013,-6.4876417647058835,-4.9816997003843397,2.7613582352941166,4.1802582352941169,1.0
451.0,-21.267724608533197,6.9097030111887117,-38.385502442007976,-6.4864417647058827,-4.9834467125499904,2.9123582352941169,4.2258582352941172,1.0
453.0,-34.655561607578569,32.481354827413988,41.835991676835668,-5.0782500000000006,-4.9207942457330347,-0.38535000000000053,-0.080950000000000522,14.0
457.0,35.271779351511761,-5.5994619984779463,-19.908134431340674,-4.7864059405940589,-4.7171757002880543,-2.0713059405940593,-0.696605940594059,15.0
459.0,-16.550392883416297,38.122516538477434,10.515960470262163,-5.2552466666666664,-5.011495654826942,-0.27764666666666593,-0.20324666666666613,13.0
461.0,-27.038483617757674,-25.436950653978943,24.115072722085998,-5.5290417647058829,-4.8118617879561594,2.3450582352941169,3.5353582352941166,1.0
462.0,-33.896557833461117,-26.447087380432944,25.586073251595895,-6.4349417647058837,-4.9771669120626534,2.7564582352941169,4.0753582352941171,1.0
464.0,9.658771597300392,9.5739465182717733,-39.717204800266238,-6.4844417647058838,-5.0997410629282518,2.4911582352941171,3.4331582352941168,1.0
466.0,-7.7478652505052725,29.059517344242654,-20.402177824081761,-5.1228500000000006,-4.9074319634930639,-0.24795000000000034,0.014149999999999663,14.0
467.0,-18.981460990970774,4.4276050813121621,-2.4500446392728139,-6.6282417647058827,-5.0920919826354067,2.6698582352941167,3.9682582352941167,1.0
468.0,-33.968160152311377,31.832458850969672,-5.9609444020662634,-5.1643500000000007,-4.9205109464629295,-0.15945000000000031,-0.090150000000000396,14.0
470.0,28.346666676683984,6.7104247173477596,16.06393155320179,-5.2714059405940592,-5.0344708828060902,-0.37200594059405923,-0.2443059405940593,15.0
471.0,27.398250410192304,-15.778278249052153,17.96645931742075,-5.1369059405940591,-4.9946673353562829,-0.31590594059405919,-0.091105940594059298,15.0
472.0,39.349076326531964,25.810078692708032,-12.83663231995896,-5.8097230769230759,-4.9904731540322249,0.87347692307692393,1.7163769230769239,3.0
474.0,31.242436899334113,31.605467384559255,-25.042243988353182,-5.4174687500000003,-4.9206614492001721,0.13313124999999992,0.73823124999999989,5.0
475.0,29.621221125442528,41.548639335095004,-33.699767871784111,-5.1655417647058828,-4.7964219777354158,2.3974582352941169,3.7291582352941166,1.0
479.0,21.374767318712244,-41.558344419458642,-42.569568424884459,-5.5200687500000001,-4.9441280720739025,0.24703124999999981,0.72163124999999995,5.0
483.0,12.762032398185175,-35.452805821538853,38.311126381455182,-6.3821417647058825,-5.0152706638918287,2.9441582352941169,4.0089582352941164,1.0
487.0,30.985453984373631,20.780251921040186,-13.477985223454137,-6.2580417647058839,-5.1594699923754721,2.3659582352941166,3.8594582352941167,1.0
488.0,42.368367313371607,15.281749320578083,0.71339980021502236,-5.1221571428571444,-4.8719757107952324,-0.15035714285714463,0.32454285714285547,8.0
490.0,-35.289968848721308,3.6714309948111712,24.872728854022469,-5.7262857142857149,-5.132955045548746,0.040014285714285336,0.41541428571428529,6.0
492.0,14.858542652866813,-7.0583970741788926,-20.110512276457648,-5.0529500000000001,-4.9268379634952826,-0.40915000000000035,-0.22495000000000043,14.0
493.0,30.634789106364448,-32.875672139601626,-22.952045038359113,-6.4641417647058832,-5.089353423024388,2.7496582352941168,4.1391582352941167,1.0
495.0,-2.027779438412018,18.704800424522567,-14.469220426882755,-5.6651571428571446,-5.0969153312589111,-0.2877571428571446,-0.094857142857144527,8.0
496.0,-17.259903412129795,30.592967158489696,-7.7256352893841269,-6.5910417647058841,-5.0619206103691825,2.544358235294117,4.0772582352941171,1.0
497.0,-21.439596796310905,39.002993346721269,-1.7980882516918253,-5.6867687499999997,-5.0295900185556945,-0.062968750000000018,0.54173125,5.0
499.0,-30.091014208890503,-42.179976177896698,2.2116737249063045,-6.173841764705883,-4.9847687758104815,2.7775582352941166,4.1214582352941171,1.0
501.0,6.0780038509663763,10.875864180094839,15.610685606728744,-5.2026571428571442,-4.9545102314859353,-0.25015714285714452,0.10874285714285548,8.0
502.0,-8.8721479343615144,22.606852826903438,18.259689372892726,-5.3294417647058827,-4.9192322113261016,2.1349582352941168,3.9476582352941167,1.0
503.0,-13.785924184355304,35.65525911771951,22.212295411623867,-5.5673857142857148,-4.997301911713282,-0.14428571428571479,0.32371428571428518,6.0
505.0,0.5195226987929894,10.728848675050411,-11.130587655790107,-5.2682900000000012,-4.97166535133496,0.16100999999999877,0.36200999999999883,7.0
506.0,14.978588391301752,3.658340915767103,-12.687330538650976,-5.9395417647058837,-4.8807507271367863,2.6426582352941166,3.8305582352941165,1.0
507.0,22.473902935265645,-10.354320019524449,-13.614797710669073,-5.3954857142857149,-4.9652418776463554,0.18521428571428533,0.58101428571428526,6.0
508.0,25.792314195174885,-25.054478902081197,-13.485823902663839,-6.4286417647058824,-5.0428451261820868,2.5306582352941169,3.9939582352941168,1.0
509.0,6.0846340211349368,36.924970822377212,-37.651509002851689,-5.1765059405940592,-4.9796996905857149,-0.70940594059405937,-0.33990594059405921,15.0
513.0,8.3260466266003004,9.0063752471854492,28.565697367229529,-5.3357059405940594,-5.1272513937656052,-0.20790594059405931,-0.14470594059405917,15.0
514.0,34.594704484643913,-2.8936423943508647,-12.984357656947715,-5.1214059405940588,-5.0330543864555635,-0.38050594059405918,-0.21150594059405914,15.0
516.0,-14.102698030579504,-22.452729954002663,1.0004190428860598,-5.3597059405940595,-5.1200744789229358,-0.44160594059405911,-0.37320594059405932,15.0
517.0,-39.939341700997723,9.6521086427010019,21.55363515404493,-5.3716600000000003,-4.8397281595923776,0.45134000000000007,0.90583999999999998,2.0
519.0,37.478472234091804,22.232635127795909,-2.5546723079043421,-5.0948941176470592,-4.9842741130653261,-0.20239411764705961,-0.03589411764705952,12.0
521.0,33.913697044386694,38.581757569831609,-22.871841484069286,-6.3566417647058833,-5.0832624887171214,2.7413582352941166,4.1445582352941166,1.0
525.0,14.357036693090542,-9.6280578523454956,-27.174030479683349,-5.3977857142857149,-4.9708134299584277,0.078414285714285326,0.5383142857142853,6.0
526.0,4.8303777245937676,1.0062915134399255,-24.494986705501915,-6.0702417647058828,-4.8299929412429039,2.5862582352941166,3.6795582352941167,1.0
527.0,-2.4082787496537308,15.875196555694899,-17.929286139407139,-5.3518571428571446,-4.9730663336778385,-0.079857142857144625,0.29914285714285538,8.0
528.0,-0.72911486704031714,-21.01810184969618,-41.314140304828221,-5.8908417647058835,-5.0797212478408049,2.5562582352941168,3.987758235294117,1.0
530.0,-3.4989768952344198,-2.1252908933029624,31.818221159762128,-5.3183800000000003,-5.067085267160957,-0.32188000000000061,-0.21628000000000069,10.0
531.0,-13.016070958785042,17.603506414235085,20.468125126497775,-6.192441764705884,-4.8809395933168567,2.6317582352941167,3.9395582352941165,1.0
532.0,-20.206467410118179,17.48490662167389,17.788292966793435,-5.7688230769230762,-4.8670018888112923,0.90657692307692384,1.4510769230769238,3.0
533.0,-9.7821771685919305,30.780145776848201,22.60738919658672,-5.2198059405940596,-4.8330923183061767,-0.30800594059405917,-0.1919059405940593,15.0
534.0,26.728573844654836,15.946026083593621,35.518633966178292,-6.1160230769230761,-5.1042178109795389,0.731676923076924,1.4225769230769238,3.0
536.0,24.44678995891492,8.8427988868096516,30.163462479716106,-6.0383417647058826,-4.764786892573647,2.6418582352941167,3.4815582352941168,1.0
537.0,38.35753015607628,-7.3873359330244996,18.132950912977595,-5.4799800000000003,-5.1045279873598854,-0.4359800000000007,-0.03138000000000063,10.0
539.0,-33.440213359418578,-20.87671760681793,9.3157857774114614,-6.4920417647058839,-5.0575294716825496,2.7818582352941168,4.1191582352941172,1.0
541.0,-39.716496231210741,8.1400110029194561,-32.077786380643154,-5.6766800000000011,-5.1400348292130946,0.44001999999999897,1.0778199999999991,4.0
543.0,-38.49069443028511,2.0493876419910539,-22.503564261240349,-6.0094417647058824,-4.9885460994118871,2.5285582352941169,3.8870582352941168,1.0
545.0,-35.043565364622985,2.0087977888593991,-6.9019078625736574,-5.5824857142857152,-5.071762403205982,0.028314285714285292,0.53001428571428533,6.0
547.0,-30.870072871210546,-0.27993248448406682,11.183699956012314,-5.5598230769230765,-4.9609628133962467,0.3575769230769239,0.4794769230769238,3.0
548.0,-32.298553264007793,-4.8966215431317783,18.136626821528154,-6.6257417647058832,-5.1094676712018705,2.621158235294117,4.0964582352941168,1.0
549.0,32.742292322848648,12.087037869735619,-31.423973481804286,-6.5308417647058841,-5.085717749058035,2.5139582352941168,3.9592582352941168,1.0
551.0,41.278477911548713,-10.204307947356986,34.275000393618811,-5.3036500000000002,-5.0485622165505655,-0.92525000000000057,-0.35345000000000049,14.0
555.0,23.583820783356678,31.348228527650498,15.141970774682877,-6.3990417647058839,-5.0947361091563899,2.6446582352941168,4.1646582352941168,1.0
556.0,16.480188397369382,-34.684196151477593,-1.9470951057116483,-5.2585083333333342,-5.0620464748651655,-0.34020833333333411,-0.21220833333333422,11.0
558.0,0.17055099349156355,-18.649850741275298,-16.049714591404555,-5.1897599999999997,-4.7073801839081426,0.95604,1.08734,2.0
559.0,-0.077550094368605035,-11.825732312889768,-19.030239755565606,-6.3555417647058841,-5.0409092478363666,2.701558235294117,3.9311582352941166,1.0
560.0,24.187559482214528,-13.181892684016786,37.385985240633978,-5.1634059405940596,-4.9245979825502175,-0.67260594059405943,-0.28090594059405927,15.0
562.0,-39.425172775603393,33.528386236827274,14.955283524872248,-6.5184417647058828,-5.0820820750916829,2.9027582352941166,4.2328582352941169,1.0
566.0,30.540939236233296,-28.379835112269305,8.6665865013964041,-5.21685,-4.9654610973196514,-0.47795000000000032,-0.12045000000000039,14.0
567.0,-1.2675969465323882,-33.894145912298804,41.94214924676691,-5.1714059405940596,-5.0213446832912076,-0.54490594059405906,-0.31040594059405913,15.0
571.0,-17.955306781846993,35.739733634912156,-25.025755622096696,-5.4546900000000011,-5.015907254016418,0.03020999999999896,0.22780999999999896,7.0
573.0,-33.383673130722933,-26.995680741451213,-10.903916476258939,-5.4226571428571448,-4.9398258859854725,-0.15625714285714465,0.068842857142855429,8.0
575.0,-13.577913170555041,-29.861567788807307,12.606383232097151,-6.3690417647058828,-4.8456688341887357,2.8735582352941167,4.3072582352941167,1.0
576.0,-18.268397976588716,-16.099113798611363,-11.091030851743783,-5.2971466666666664,-5.1081951390229143,-0.083446666666666003,-0.0097466666666661261,13.0
577.0,-18.776864529382046,-8.278017512235408,-38.800066922284856,-6.3189417647058841,-5.0752828926091533,2.362358235294117,3.7940582352941168,1.0
579.0,15.579595358346531,-34.550413097934722,-14.05562310733521,-5.206305940594059,-5.0590234862152244,-0.32850594059405913,-0.20010594059405928,15.0
581.0,-27.049617334433673,-28.370643754258772,30.660370482662874,-5.2065417647058831,-5.0260832527008512,0.76695823529411689,2.290558235294117,1.0
582.0,39.699016139961572,-8.3115607335093493,-36.415150050365348,-5.1973500000000001,-5.0163605328485854,-0.44035000000000046,-0.24615000000000031,14.0
586.0,40.791019452108984,28.28356330194574,-0.93079718825331248,-5.9837417647058837,-4.9924650726483444,2.612758235294117,3.3108582352941167,1.0
588.0,26.70260933334162,38.685311868076738,-21.47533215793251,-5.3712941176470599,-5.0590651203731491,-0.24409411764705946,-0.11439411764705953,12.0
590.0,16.022795132948122,-26.47573324984706,-39.777450464027709,-6.4531600000000005,-4.9579111717713422,1.2755400000000001,2.4188399999999999,2.0
592.0,9.2433875481206513,32.127076908857482,-21.681238833436897,-5.2243571428571434,-4.9905836718793539,-0.22695714285714352,0.11674285714285659,9.0
593.0,20.890403553793782,20.341504491615691,40.40887574986899,-5.2479687500000001,-4.9630146900809287,0.29043124999999992,0.54703124999999986,5.0
595.0,22.174520798503082,8.4182197506584053,33.077900250533027,-6.3424417647058826,-5.0936501286209861,2.5127582352941169,3.7234582352941166,1.0
597.0,-15.620608808070086,-19.88636739095816,23.097500844475515,-5.112205940594059,-4.9544388390013188,-0.33240594059405915,-0.27040594059405931,15.0
598.0,-9.5620575177365819,6.7569949582777662,-37.657921807782905,-6.6577599999999997,-5.0123990647216123,1.2378400000000001,1.8017400000000001,2.0
600.0,-30.37114813235711,29.37985717351955,-36.154443258448921,-5.2700466666666657,-4.8574752849796452,-0.37554666666666603,-0.090846666666666076,13.0
602.0,-40.448360284894015,41.602891678092568,-30.620755037907053,-6.3204600000000006,-4.9798196486594923,1.2153400000000001,2.4527399999999999,2.0
606.0,-24.521659469731187,18.631921438696395,-30.551913428546985,-5.4522941176470594,-5.1870691739157673,-0.81259411764705947,-0.21169411764705948,12.0
607.0,-10.058663495212718,-6.0260144837126601,-27.31609140550994,-6.4746417647058836,-5.1326509948054957,2.7027582352941169,3.6922582352941169,1.0
608.0,-25.111776510420043,-33.59188686307629,22.566398024442762,-5.3774500000000005,-5.1269888978247407,-0.42825000000000046,-0.21455000000000046,14.0
610.0,40.570530774270999,-18.040363219234887,38.597088065022326,-6.4822417647058836,-5.1111674668225033,2.5728582352941167,4.2397582352941168,1.0
614.0,-18.749803972550687,35.812549662415762,-34.635993337837583,-6.1300417647058838,-4.8824505227574191,2.7048582352941168,3.7362582352941169,1.0
618.0,-3.6347509475503701,24.708591307132593,-41.247426877757896,-5.2007571428571433,-4.9208920514334284,-0.22975714285714344,0.038942857142856502,9.0
620.0,10.850459357242597,2.9550758645898587,34.201104405381123,-5.4794687499999997,-5.0381834297488917,-0.014868750000000208,0.35293124999999992,5.0
622.0,-19.522189883694466,39.221151206908139,-4.6552592126820329,-5.3465059405940591,-5.0881088779460439,-0.22020594059405929,-0.16850594059405921,15.0
624.0,-11.814923757101846,-28.276333991240762,31.522661176809489,-5.7848230769230762,-4.9088829642418723,0.76007692307692398,1.5495769230769239,3.0
625.0,-8.0743152400096623,-29.295398252637607,-25.994549347038788,-5.2424083333333344,-4.9528346062395379,-0.14630833333333415,0.10399166666666582,11.0
626.0,-1.4606491681034666,-29.561101979455991,-1.6586150855309367,-6.557541764705884,-5.0840651699824209,2.6780582352941167,4.0425582352941163,1.0
627.0,-36.893751839819437,33.153836739418459,0.20207776313678472,-5.2277059405940589,-5.0373510920521616,-0.36950594059405928,-0.23090594059405922,15.0
631.0,7.2122455925034439,-20.692559822759129,-1.0595274581868681,-5.3916857142857149,-5.0198242036866603,0.19471428571428517,0.47411428571428527,6.0
632.0,17.309546025682,-27.571522131806386,8.2259666843843906,-6.4222417647058831,-5.0179620069578297,2.8051582352941167,4.2968582352941169,1.0
633.0,22.02014841561218,-37.789508089781627,21.851290203620891,-5.2272571428571446,-4.8110191511775557,-0.11685714285714455,0.20964285714285547,8.0
635.0,25.680610721118793,0.70926658823812549,-42.48642134689797,-6.4523417647058841,-5.0721666006379946,2.6818582352941167,3.8450582352941169,1.0
637.0,19.823483036366699,14.799251292783611,-16.988506633812154,-5.0466500000000005,-5.0034704160587911,-0.53185000000000038,-0.28305000000000047,14.0
638.0,42.274655154528013,-41.860387936399491,8.5025925775890112,-5.1586059405940592,-4.6753418414024921,-2.2606059405940591,-0.49760594059405916,15.0
642.0,-28.381237235666077,21.62378912252197,-34.946520943006689,-5.7846687499999998,-5.0221770209879368,0.053731249999999786,0.74193124999999993,5.0
644.0,-10.446782832646155,-1.0223939542430736,-33.345538748201193,-5.2453800000000008,-4.922413773227138,-0.30638000000000076,0.12781999999999938,10.0
646.0,18.565172403502814,-35.232923230167749,-18.27211382710906,-5.1878059405940595,-4.9790386589554689,-0.36700594059405911,-0.16730594059405912,15.0
648.0,-37.687980099464873,36.408418564699687,29.143619681450701,-5.7353417647058835,-4.9579025616954873,2.3211582352941167,3.8795582352941169,1.0
652.0,-19.108017206123911,16.853586822385765,33.769568897523961,-5.0139466666666657,-4.9660733385200446,-0.5200466666666661,-0.24304666666666597,13.0
654.0,-10.455917965507911,-6.5476155413673123,-41.161596983990144,-6.3736417647058827,-5.0496443086646163,2.762158235294117,3.8325582352941168,1.0
656.0,38.464879480897359,22.024728495584874,38.048695155487557,-5.0135500000000004,-4.9713631654468466,-0.34695000000000031,-0.20035000000000047,14.0
660.0,-34.951787608696705,10.848930197212432,-21.013105045095546,-6.471841764705883,-5.0364236760596972,2.7488582352941169,3.8891582352941167,1.0
662.0,-35.098456520994517,31.614199296704896,-11.7512435464144,-5.3099059405940592,-4.9887180506840698,-0.55620594059405937,-0.34390594059405921,15.0
664.0,-13.630113268442063,37.717334859605721,20.598098281308435,-5.4806059405940593,-5.1338144935230474,-0.52780594059405939,-0.15670594059405918,15.0
666.0,-30.357029594919759,26.501462720001971,4.8681700968533024,-5.3174059405940595,-5.0247914910774902,-0.36870594059405914,-0.12770594059405926,15.0
667.0,-28.368492855652335,-2.2155923492725562,-13.285191976427539,-5.7278687499999998,-5.0149056730552317,0.22603124999999991,0.73693124999999982,5.0
668.0,-28.154198511745101,-6.7410847910481797,-1.387981120460102,-6.4568417647058824,-4.9410462551242169,2.1578582352941167,3.2327582352941167,1.0
669.0,-19.365573348084592,-11.846638149689145,17.62473206958774,-5.3712571428571438,-4.9981383190821642,-0.095957142857143518,0.079042857142856526,9.0
670.0,1.2008758612179016,-42.165523740490556,18.506596282933796,-5.1472083333333343,-4.9538733702299238,-0.21620833333333422,-0.10920833333333424,11.0
672.0,1.2348056478919096,37.601914041689476,-9.4817098868840421,-5.5946800000000012,-4.9378535834478825,0.39001999999999915,0.98771999999999904,4.0
674.0,25.659695101139274,-17.067960961592693,-27.986543547819625,-5.162105940594059,-4.9628433840144446,-0.41810594059405926,-0.34940594059405927,15.0
675.0,19.654263884693311,36.281994081233258,23.893489362201578,-6.1562417647058831,-4.9591301918659445,2.661158235294117,3.4831582352941166,1.0
677.0,13.626799116974873,-30.61552812525122,0.9673270944494744,-5.0973500000000005,-5.0147079537729713,-0.23455000000000048,-0.096250000000000391,14.0
678.0,-19.94762488287763,35.013279164543164,11.516717811961424,-6.1397417647058825,-5.0592764838481994,2.5569582352941169,3.7889582352941167,1.0
680.0,2.5689957269590908,12.498180012119107,5.5879718336492292,-5.2964500000000001,-5.0361914817559637,-0.26615000000000033,-0.13725000000000032,14.0
681.0,12.074502115317996,4.2830610848484794,36.946131139135836,-6.0117600000000007,-5.1261437216689254,1.5069400000000002,2.3558400000000002,2.0
683.0,11.48168875205781,9.4168212112943053,41.757928237364297,-5.6378417647058834,-4.5390445908446688,1.7308582352941169,2.0935582352941169,1.0
685.0,-6.3135934978297499,27.772863759780357,-37.116893040277702,-5.0642941176470595,-4.941070974374254,-0.50679411764705939,-0.18449411764705959,12.0
687.0,36.835681348499648,21.335757800967968,-38.62833389534098,-5.1479059405940593,-4.9519835786604052,-0.38910594059405912,-0.28220594059405912,15.0
691.0,14.906411937407263,25.654227647724344,13.891455302481749,-5.2593500000000004,-5.0245762116816426,-0.47075000000000022,-0.21865000000000046,14.0
692.0,26.074049316440689,15.455059339117691,-14.046672235916521,-6.3555417647058841,-5.183455997244395,2.297958235294117,3.6932582352941168,1.0
693.0,-33.123582070500952,32.395054226654153,37.706204930637284,-5.0995059405940593,-4.7906446443353854,-0.42510594059405915,-0.27420594059405912,15.0
697.0,9.7883027401698186,-27.20563485936988,-11.748289080637765,-5.2831059405940595,-5.0373038755071446,-0.31930594059405926,-0.23160594059405915,15.0
698.0,-40.484601774566748,-17.512699818886148,9.6542174975204738,-5.1899500000000005,-5.0451626253093007,-0.27895000000000048,-0.082150000000000389,14.0
700.0,27.242114825958566,2.7452565976299232,26.650779223972016,-6.0888417647058839,-4.9736728877313539,2.2592582352941166,3.836458235294117,1.0
701.0,35.897874831089418,-1.8600252603932363,17.581456371134678,-5.3544059405940594,-5.0676168974084215,-0.3904059405940592,-0.31390594059405919,15.0
703.0,-6.6218146785084384,-28.409440676059369,18.253705604910792,-5.293205940594059,-5.041175632198585,-0.54920594059405925,-0.1959059405940593,15.0
704.0,-23.297935235698517,-9.6323205402187622,15.246457218168434,-5.1550059405940596,-4.9712007124825535,-0.38300594059405912,-0.35900594059405933,15.0
705.0,5.8771670601820167,-14.972005881168046,33.198623498669782,-5.3122059405940592,-5.0134123037282565,-0.32740594059405925,-0.2251059405940592,15.0
707.0,33.658160602875853,27.728875187124991,-29.170822918104367,-5.2082059405940591,-5.0158675640691701,-0.22380594059405912,-0.16200594059405926,15.0
709.0,4.0887013790995281,-14.880245166413371,26.975765184715826,-5.1501059405940595,-5.0084073499563946,-0.34360594059405924,-0.21150594059405914,15.0
710.0,22.435531282393985,23.64460765999533,-34.772068923278567,-6.623541764705883,-5.0762272235095054,2.5755582352941166,4.0952582352941169,1.0
712.0,30.762852405275087,6.9766586389292833,35.167662355613274,-5.1971083333333343,-4.9324842753369671,-0.31040833333333429,-0.091708333333334169,11.0
714.0,-40.470037044811207,-6.9362592553418247,18.644778875215696,-5.6921600000000003,-4.9316115561965583,1.25274,2.30714,2.0
716.0,-34.69613432632233,-11.257466192636794,18.419543304738614,-6.2802417647058837,-5.0000197198511556,2.6878582352941169,3.5211582352941169,1.0
718.0,11.439067317290904,33.449675161689001,33.27971941240196,-5.1660500000000003,-4.9279711605757042,-0.31925000000000048,-0.063650000000000428,14.0
722.0,15.263972776251276,34.23468478542145,-20.878604145062475,-6.4623417647058838,-5.007857666324071,2.4361582352941169,3.5030582352941169,1.0
724.0,14.157186324438321,-29.836541387651067,-35.883400619066343,-5.2822059405940589,-5.1011878609159096,-0.50880594059405926,-0.2141059405940593,15.0
726.0,4.2139595619954697,1.9504646696863523,-33.027459894644821,-5.6167417647058828,-5.10328230380457,2.3254582352941169,3.5453582352941169,1.0
728.0,26.52405563286171,-16.278273295665464,-36.094442614257481,-5.0112466666666657,-4.9399153725803133,-0.232646666666666,-0.13774666666666602,13.0
730.0,40.392637042712657,-42.319510610544363,-35.915721308066367,-6.4125417647058827,-5.122263354901631,2.647058235294117,3.5373582352941169,1.0
738.0,-39.142317967995083,-15.617663651850277,3.970547702208882,-5.1700059405940593,-5.0461805859704469,-0.37400594059405923,-0.23430594059405929,15.0
740.0,10.858075389824746,16.38437110559023,-7.6757944866780781,-6.5958417647058836,-4.9582802940556281,2.4226582352941168,4.1462582352941171,1.0
741.0,15.486408870618906,16.902402185665466,-14.467413076015083,-5.5014800000000008,-4.9880919873465714,0.45391999999999899,1.373019999999999,4.0
742.0,27.630207111093707,7.2590764816483588,-37.016500645821019,-5.3483800000000006,-5.0626941284743232,-0.12428000000000061,0.049819999999999309,10.0
744.0,-1.2337339209084648,13.973554174249946,-2.5421529585035945,-5.1960059405940591,-4.9795108244056454,-0.28360594059405919,-0.12250594059405917,15.0
745.0,-8.2020054539455849,-20.430771764284426,-31.554289358721608,-6.6995417647058835,-5.1008270434636565,2.4184582352941169,3.6881582352941167,1.0
746.0,-10.013885096185419,-27.666284369168356,-16.357942174124101,-5.5457900000000011,-5.0811605192306928,-0.76809000000000127,-0.085890000000001132,7.0
747.0,-7.1239977402053345,-28.556483210817188,13.560228994015533,-5.5146900000000008,-5.0547664705658741,0.027109999999998857,0.3744099999999988,7.0
748.0,-17.209392055144981,12.769290186898113,24.64640905075667,-5.3054941176470596,-4.9825743174446933,-0.31639411764705949,-0.16259411764705956,12.0
749.0,-28.352390973044809,34.134100793732323,11.207962860954995,-6.0798417647058836,-4.9329250093811954,2.596758235294117,3.3582582352941168,1.0
751.0,-35.835297776250677,33.071563288675641,10.957115381638417,-5.7845417647058825,-4.7744662843022478,1.4589582352941168,1.9800582352941167,1.0
755.0,-33.404625307199581,39.714095271957511,11.657216906354034,-6.6012417647058834,-5.1948824011386456,2.7209582352941166,3.8555582352941169,1.0
759.0,-10.905579894682477,4.908787847239239,27.425868141496757,-4.9797059405940596,-4.9137381771961772,-0.50580594059405914,-0.19380594059405931,15.0
760.0,-27.455549986273365,-33.317625065951326,-23.350992843470802,-5.1991500000000004,-4.9938382408752071,-0.21695000000000042,-0.14545000000000052,14.0
762.0,-15.185443102529034,32.373747153368839,-40.664391600200325,-6.4494417647058837,-5.0671144303211157,2.506058235294117,3.9794582352941168,1.0
764.0,21.307402681264723,-4.9091907321177111,9.3692288036359326,-5.959641764705883,-5.0639509218049383,2.1632582352941165,3.399358235294117,1.0
765.0,1.3765901416609065,20.286880395307012,15.06217222500527,-5.33385,-5.0534727372323918,-0.32455000000000034,-0.19215000000000049,14.0
766.0,-13.981872602649647,-4.7010857992093156,-17.923847682195319,-6.0599417647058837,-4.9961951797047321,2.4876582352941168,4.0026582352941169,1.0
767.0,6.8452180652155494,-24.118525001518428,0.0091887546870705068,-5.4804500000000003,-5.0642853260414142,-0.20315000000000039,-0.031450000000000422,14.0
768.0,-28.273466096802245,6.9507537825033223,-7.3328527220506929,-6.5241417647058837,-5.1343507904261267,2.2750582352941167,4.0593582352941171,1.0
769.0,-29.62011847578356,0.76166660939602482,5.9133249908008825,-5.5920687500000001,-5.0393638433743311,0.064231249999999962,0.32213124999999998,5.0
770.0,-23.064707672700504,1.5180862314565111,17.884501496196798,-5.9266417647058836,-4.8079428147197012,2.5753582352941167,3.6868582352941166,1.0
771.0,-23.034476914009076,-7.428920272406371,34.312203699776688,-5.3161571428571444,-4.9640479735794836,0.037042857142855379,0.22864285714285537,8.0
773.0,-11.22384899049449,39.884511100531427,-40.958294739495337,-5.5643687499999999,-5.0170776341260401,-0.78716875000000019,0.1494312499999999,5.0
777.0,-28.911864375092069,-26.500232274530237,-27.900769737235148,-5.2057800000000007,-4.9425280214046206,-0.21228000000000069,-0.084480000000000555,10.0
778.0,15.72342541945053,14.705300585330939,41.113214197326634,-6.1310417647058832,-4.8457160507337536,2.564358235294117,3.5265582352941167,1.0
780.0,10.861948466658779,29.515352209197484,-15.716171222131287,-5.1488500000000004,-4.9154115596010319,-0.31715000000000049,-0.12935000000000052,14.0
781.0,2.897163048907458,41.483783032499431,-33.427209804585239,-5.0538059405940592,-4.9634099825546549,-0.48660594059405926,-0.23050594059405927,15.0
785.0,4.2578874448413675,-6.6937157167490868,-6.0136235532239928,-6.5388417647058832,-5.0058273548883152,2.3652582352941169,4.0610582352941167,1.0
786.0,-16.102601665838979,11.245273726124053,-12.779669269768865,-5.2351500000000009,-4.9993625766422625,-0.53265000000000029,-0.36595000000000044,14.0
787.0,-33.174361250623996,28.890337225975816,-39.108399770305489,-5.3716083333333344,-5.0487314091702116,-0.012008333333334287,0.17769166666666592,11.0
791.0,-14.89969406267509,12.658970118050004,-36.932907473145583,-6.5008417647058829,-4.8783426833408905,2.4312582352941168,3.5629582352941167,1.0
793.0,-13.387107181372125,3.2174067041277259,-37.426008619974191,-5.9994230769230761,-5.0206445262984483,0.65737692307692397,1.620776923076924,3.0
795.0,-35.739275098744727,-34.746955004250744,-19.822392095587507,-5.4613417647058826,-4.9441625470953765,2.4150582352941168,3.9137582352941167,1.0
799.0,-13.83126864605069,31.645248797399383,-31.884193458767214,-5.2623500000000005,-5.0696207956283992,-0.35585000000000044,-0.10395000000000043,14.0
800.0,28.32120725210223,35.23291517673789,-20.081973720307211,-5.1100500000000002,-5.0016289708031056,-0.38545000000000051,-0.16515000000000035,14.0
802.0,35.430563092909203,18.67400902419703,3.8641164733894313,-6.0667417647058839,-5.1000715787433748,2.4910582352941169,3.9964582352941167,1.0
804.0,-38.95502689178506,19.463283591139735,-38.570004280768103,-6.0970417647058825,-5.041145330561454,2.4480582352941167,3.9445582352941169,1.0
808.0,42.397760514727175,20.254099529673965,40.897198954774687,-6.0829599999999999,-5.1069738043917949,1.3926400000000001,2.0229400000000002,2.0
812.0,31.522248857704422,29.355695459012715,18.613592365696963,-5.3408083333333343,-5.0459456330141759,-0.32920833333333421,-0.30530833333333418,11.0
813.0,26.845626141264017,42.247668105708229,-1.1701994042619361,-6.4151417647058837,-4.9925122891933622,2.7782582352941168,4.1919582352941163,1.0
815.0,37.400822666861515,26.062085459028964,20.346810096146406,-5.3877059405940591,-5.1176192185820222,-0.28310594059405925,-0.10290594059405911,15.0
817.0,-40.80800137543303,16.240141342934653,37.158806013221451,-5.4577059405940593,-5.1110561188245809,-0.24080594059405924,-0.22950594059405915,15.0
821.0,0.19067590168548032,-39.70395092642093,-17.940235339284346,-5.2751059405940595,-4.9273365421612363,-0.35140594059405927,-0.27080594059405927,15.0
823.0,-41.679331751939706,12.801760247765094,12.117409403206004,-4.9797059405940596,-4.8916408341279567,-0.24070594059405925,-0.20640594059405926,15.0
825.0,-21.291890364826983,-8.9111830956039597,23.126357790284779,-5.1655059405940591,-4.8986288827905566,-0.37380594059405925,-0.24790594059405913,15.0
826.0,-6.5427038390184578,-37.492154815557861,32.488450478281884,-6.2628417647058834,-5.0001141529411903,2.5212582352941166,3.7185582352941169,1.0
828.0,0.72154180232815157,-35.576780529646108,35.981635760236784,-5.772141764705883,-4.6646406005913921,2.9256582352941169,3.6071582352941167,1.0
832.0,-1.4762256643132521,-35.00089454062195,-21.185948819717115,-5.0144466666666663,-4.9586603409522869,-0.14044666666666594,0.11195333333333402,13.0
834.0,-32.660817881312454,26.528628611303844,18.80154842055261,-5.812141764705884,-4.9271645908890527,2.5888582352941167,3.8541582352941166,1.0
836.0,35.23590647491757,-34.137748525449837,13.729442052204643,-5.0118500000000008,-4.9357146739585849,-0.11905000000000032,-0.033450000000000424,14.0
840.0,32.858933770491419,30.326988349107417,-38.479384620153986,-5.1527466666666664,-5.0475690952203616,-0.31604666666666592,-0.090546666666666109,13.0
844.0,22.028965738165407,-35.062740059407481,27.840700264405967,-6.5288599999999999,-4.9990839990266585,1.19194,2.53444,2.0
846.0,22.193318682508885,-15.005556537201338,-33.16483423605704,-4.9890059405940592,-4.9430596516520851,-0.51800594059405913,-0.31050594059405912,15.0
848.0,-26.259591137695747,25.608457626598458,40.188937603885158,-5.1740941176470594,-5.0410756167214572,-0.41129411764705948,-0.068194117647059516,12.0
850.0,-6.7386843637131646,8.6263751725247371,-40.433292302631656,-6.1811417647058837,-5.0646591699802022,2.6375582352941169,3.9264582352941169,1.0
852.0,-6.8804342233287645,7.7055003768324717,37.97759302503767,-6.1896417647058835,-4.9924178561033274,2.6357582352941167,3.6488582352941168,1.0
854.0,-4.9390498371534557,2.5783566410837455,42.455948398437336,-6.2879417647058835,-4.9808970191190411,2.8423582352941166,4.128758235294117,1.0
856.0,-36.627090485436135,3.858604372431687,0.13578983149857674,-5.4142571428571449,-4.9356708300239269,-0.097057142857144507,0.18444285714285535,8.0
858.0,-28.505890476955923,3.0451911921562229,16.840686999264889,-6.5014417647058833,-4.9887821821369753,2.3962582352941166,2.9883582352941169,1.0
859.0,-26.774093679161517,-2.7971479341864876,30.446969966690975,-5.6375857142857146,-5.1226146221898992,0.19741428571428532,0.3387142857142853,6.0
860.0,-15.478871103046055,33.403931782244904,-1.4615850628529683,-5.3582059405940594,-5.0153009655289598,-0.28000594059405914,-0.11020594059405919,15.0
862.0,37.761387601831565,21.337917207431211,31.152431056700568,-5.4084059405940597,-4.6595242988216077,-2.0784059405940591,-0.44210594059405928,15.0
864.0,-0.26606771241159544,-27.37689447476566,30.261360212201026,-6.4867417647058838,-5.0466224497834924,2.7693582352941166,4.2019582352941169,1.0
865.0,-1.2187237274841458,-36.212029101615059,-0.83585801170873275,-5.3250500000000001,-5.0284007518280651,-0.29995000000000038,-0.11085000000000034,14.0
867.0,41.134169497259066,-20.386871812889648,-30.809628545377407,-6.4628417647058827,-5.104651583610079,2.8901582352941166,4.2535582352941166,1.0
869.0,-21.316592718452799,-40.864957580091037,39.715344707379742,-5.3648500000000006,-5.0116388783468295,-0.21045000000000047,-0.14555000000000051,14.0
873.0,13.289126037758939,2.0565151710717378,30.00048621197039,-5.1809059405940596,-5.0305519095696329,-0.34490594059405932,-0.25160594059405916,15.0
874.0,-35.627903497267141,26.127876990461328,-0.81256978041514427,-5.9373417647058835,-4.9152188049996086,2.7460582352941167,3.8661582352941171,1.0
876.0,36.042262776758179,-32.691457227533576,-3.1626600613047131,-5.2611500000000007,-5.083313593683493,-0.19265000000000043,-0.098150000000000404,14.0
880.0,18.27532711318657,17.413640486204944,-23.543834239117306,-4.9579059405940589,-4.6809606102595822,-2.0587059405940593,-0.63780594059405926,15.0
881.0,27.7079803404256,-21.468278806375352,9.4301424105043967,-5.5497900000000016,-5.0572217309067877,0.06640999999999897,0.41140999999999894,7.0
882.0,-38.872447394771022,40.468813294955723,13.587065692241472,-5.3662571428571448,-4.9803376816105436,-0.13635714285714462,0.1688428571428553,8.0
886.0,-11.347105111071397,-22.572608253936622,17.59690306740093,-5.9710800000000006,-5.1170403717895407,0.27451999999999899,0.68431999999999915,4.0
887.0,-12.252969559218997,-20.474253228583468,4.3587255027120237,-6.23386,-5.0530052934367182,1.25434,2.0886399999999998,2.0
888.0,-17.626393801748922,-15.344743542606082,-15.955356407222212,-5.5377571428571448,-5.0451659979196606,-0.10475714285714455,0.090542857142855482,8.0
889.0,-17.33111421468432,-9.4475479274827254,-31.440419897711138,-6.6049417647058837,-5.1192887125655249,2.5889582352941169,4.219458235294117,1.0
890.0,-26.726807212665555,-8.7412176467556399,22.907230855003604,-5.8355417647058827,-4.8007658998770317,2.2088582352941168,3.5353582352941166,1.0
891.0,-31.482766398216789,-0.01514708263146179,-9.1243231908951969,-5.3253500000000003,-5.0785447226367193,-0.33265000000000033,-0.083750000000000435,14.0
892.0,-36.884890793136002,42.550747498718486,-16.45893190365992,-5.6916417647058823,-4.4448948000796449,1.5305582352941167,3.0861582352941168,1.0
896.0,26.574391879608012,-18.222085894521996,-16.567471883610313,-5.2382500000000007,-5.0203739391750792,-0.27535000000000043,-0.17765000000000053,14.0
897.0,-20.800305712969649,13.409494439574228,28.413667675397821,-6.1382417647058825,-4.9993114716758917,2.3268582352941167,2.8835582352941169,1.0
898.0,-37.29602573580965,40.936183868705982,28.459898100152362,-5.1946500000000002,-5.0746729659452781,-0.3804500000000004,-0.21235000000000048,14.0
902.0,29.333584704187651,-25.278559955936046,-20.604359233824059,-5.1750059405940592,-4.9617574034790408,-0.59860594059405914,-0.25390594059405913,15.0
903.0,21.968621807008013,15.593590075242318,-12.454865772744281,-5.7152230769230759,-4.9699339569495837,0.89357692307692393,1.5993769230769239,3.0
904.0,15.099286059222988,24.171947825563379,5.1656142127455738,-5.4344900000000012,-5.0784691761646918,0.094309999999998784,0.47250999999999888,7.0
905.0,14.235543960325506,29.681801618370248,28.977111636788443,-5.6910800000000012,-5.0219462501241647,0.39311999999999903,0.91281999999999908,4.0
906.0,15.874063689581535,33.806526106355179,38.755198534476293,-6.3763417647058835,-5.0172065422375489,2.5585582352941167,4.0289582352941169,1.0
910.0,1.0740047208251913,14.707464531249592,-32.346833306387865,-6.4680599999999995,-4.9671183980497675,1.36954,2.5434399999999999,2.0
911.0,-5.9720321893167716,25.550786535326342,-25.275505367249551,-5.1695857142857147,-4.8395986513546152,0.031414285714285173,0.33601428571428515,6.0
912.0,-10.394969846634385,39.233920399702463,-19.54745995135854,-6.265641764705884,-4.8087927125300176,2.6011582352941169,4.1540582352941167,1.0
914.0,-18.772341387946636,-40.405307625623401,-11.133352692637299,-5.6995687500000001,-5.006831643857228,0.1141312499999998,0.45743124999999996,5.0
916.0,-23.854593501573977,-30.013237900381974,-5.6607488395893437,-6.6013417647058832,-5.116975101859663,2.5773582352941169,3.5679582352941166,1.0
917.0,-23.968105378763195,9.5406989056872504,6.2672260523121688,-5.8404417647058837,-5.0271220166912371,2.352858235294117,3.6350582352941165,1.0
918.0,-38.537052549156535,38.65650081859647,1.6780022155525529,-5.2171500000000002,-4.9909108150841188,-0.2473500000000004,-0.043450000000000433,14.0
922.0,4.8125766504408745,6.5955141393041279,-34.468809658900874,-6.3110599999999994,-5.0550356048724732,1.4534400000000001,2.21374,2.0
924.0,26.26054576164632,-17.230672882298805,-38.86793496455941,-5.1997466666666661,-4.9741473677180483,-0.33524666666666603,-0.079146666666666032,13.0
926.0,-32.500991887462995,-23.796758772229285,-21.441618217279633,-5.1280059405940595,-4.9496227514095263,-0.59090594059405932,-0.20230594059405926,15.0
