0.0,-24.05193525400945,14.19278878807147,12.75465580703178,-6.343870440251572,-5.0581017455801183,2.5434295597484278,4.0130295597484276,1.0
1.0,-4.8173871758749112,-3.4753081944847577,29.762582499450176,-5.224984375,-4.8965698705601399,-0.33358437499999982,-0.25448437499999987,14.0
2.0,9.557668547022331,-18.035108947025094,9.9613844189415541,-5.5898704402515724,-4.7515440972607959,2.7000295597484278,3.5207295597484274,1.0
3.0,-7.2944909970039671,-2.502778014930783,1.915664672669537,-5.1740249999999994,-4.9138517612197186,-0.24932499999999957,-0.069324999999999415,11.0
4.0,-18.20446119606639,16.886765921678329,-4.5506611599193914,-6.3052704402515731,-4.9229750119227473,2.5957295597484276,4.0677295597484271,1.0
5.0,-23.130211687743724,20.831587074638254,-8.3522132151691615,-6.0556692307692304,-4.9357352838662392,1.0811307692307692,2.357530769230769,2.0
6.0,-17.190430079966891,10.831085634592714,-20.537998580445183,-5.1857208333333338,-4.9980813355747467,-0.40952083333333356,-0.19942083333333338,15.0
7.0,-13.501746144561672,-22.260787392620347,-30.681037985990343,-5.0415208333333332,-4.9489668236707312,-0.50192083333333359,-0.12272083333333339,15.0
8.0,-18.765419248889664,-20.619298923504481,32.452202676926163,-6.2073704402515721,-4.984800933252072,2.6117295597484276,3.9722295597484276,1.0
9.0,-15.46136927200549,-23.237446814746839,-20.977998916249607,-5.2036843749999999,-5.0363459135014761,-0.25648437499999988,-0.13198437499999982,14.0
10.0,25.724716546027679,-17.527865891486133,-31.078029194919942,-5.0010843749999996,-4.8874690949404629,-0.29378437499999999,-0.10498437499999991,14.0
11.0,-39.647389747464473,-38.049125212354561,-34.304476064403076,-6.4276704402515721,-5.0318380941994221,2.8527295597484277,4.0083295597484279,1.0
19.0,-3.1811779121377124,-11.631392210240428,0.63997477814436665,-5.3019333333333334,-5.0076829011571906,-0.22063333333333346,0.51526666666666654,6.0
20.0,9.4639299766934144,-25.448667954955738,14.613792361944279,-5.3772333333333338,-4.8956048709713915,6.6666666666659324e-05,0.44826666666666659,6.0
21.0,21.830748916952661,-32.278332323340727,27.446959012909371,-6.0099,-5.0901174629296237,0.83260000000000045,1.0739000000000003,3.0
22.0,32.256142952148998,-29.003207880045334,-8.7113431411907793,-5.5024846153846161,-5.1505508742770081,-0.017084615384615809,0.19091538461538438,8.0
23.0,23.49078902903933,-9.6349589120965202,-5.817558459773748,-6.0711704402515716,-4.6940707207930554,2.5351295597484276,3.5873295597484276,1.0
24.0,12.571848462658318,-0.53972170164793254,-1.8259890034800721,-5.6531333333333338,-5.1397925298536915,0.023866666666666703,0.34096666666666664,6.0
25.0,-10.434804177603688,2.8638062382366747,12.596244744251736,-5.274264705882354,-4.9641729696353281,-0.71216470588235348,-0.53616470588235376,12.0
26.0,-25.773381280353341,26.1127447505141,9.1957051288455336,-5.5334692307692306,-5.0962848363742284,0.89403076923076918,1.4509307692307691,2.0
27.0,-26.523346758856871,31.299792668132106,6.9780187046110038,-6.3848704402515724,-5.0747205532334405,2.7578295597484277,4.1167295597484275,1.0
28.0,-41.250935625366594,41.068223265882487,27.218419623434226,-6.4632692307692308,-4.9887077332612044,1.2777307692307691,2.0759307692307694,2.0
32.0,39.187266243473978,42.048768860216676,25.625966337285487,-6.0990704402515723,-4.9944457769794459,2.4792295597484277,3.9494295597484275,1.0
36.0,26.543651952056596,-16.542488278621839,30.758522446160271,-5.3002647058823538,-4.95190670684359,-0.42956470588235351,-0.2179647058823535,12.0
37.0,0.80671060842760656,-14.700251937986382,-0.17907399524355855,-5.2041208333333335,-5.027559934864569,-0.29232083333333359,-0.26772083333333341,15.0
38.0,13.458256032709622,-30.759011678686193,-29.999748755417379,-5.2427208333333333,-5.0883471807155605,-0.36432083333333343,-0.18892083333333343,15.0
39.0,-20.210437646631291,-20.176847636367494,-0.70810902967206757,-5.4051,-4.9042934737822055,0.65930000000000044,1.2026000000000003,3.0
40.0,-23.935317762896073,-11.159980817594658,-17.704939411793497,-5.2619400000000001,-4.9390841562326431,-0.07714000000000043,0.3580599999999996,7.0
41.0,-31.411141089449348,-1.077051825877378,-38.698854177909865,-5.6265142857142854,-4.9891751644026829,0.1397857142857144,0.78548571428571434,5.0
43.0,-20.578381975850235,15.208582666297653,-28.312399226431435,-5.3280647058823538,-5.0043350881308566,-0.18756470588235352,-0.11886470588235354,12.0
44.0,-30.884216331334688,39.143240084713952,-31.797983533372904,-5.5335704402515722,-4.8939415592664961,2.4890295597484275,3.4421295597484276,1.0
46.0,-37.845962775260396,-41.63398370497859,-29.68514600770974,-6.6200692307692313,-5.0858980815909023,0.8838307692307692,2.086930769230769,2.0
50.0,4.2742096607062425,-16.708556292468696,17.933991514767449,-5.2465843750000003,-5.0135939744522853,-0.18628437499999984,-0.052984374999999861,14.0
51.0,-6.6225369736995923,5.5093892251265073,3.9828317118082683,-6.2453704402515724,-5.0668068353032876,2.7526295597484278,3.3925295597484277,1.0
52.0,11.771129971330113,-30.608812031510432,-32.085009412506153,-5.7725,-5.0346719766814854,0.84930000000000039,1.6616000000000004,3.0
53.0,25.857535935174848,36.903743109701871,-11.366899045028669,-5.3722647058823538,-5.0094790047854563,-0.11186470588235364,-0.010064705882353531,12.0
55.0,-22.223286650090788,-5.9272693642654675,24.19680707738171,-5.4261208333333331,-5.1231675396082359,-1.1031208333333336,-0.62992083333333326,15.0
56.0,9.7898656404343392,5.5183442058856356,25.760816471353042,-5.1996208333333334,-5.0559503979389948,-0.32412083333333341,-0.11882083333333338,15.0
57.0,26.809458272840356,36.845895810449207,29.131649021436292,-5.0589843749999996,-4.9550324617691492,-0.33068437499999992,-0.231184375,14.0
59.0,41.586972816321627,25.581200248823595,-32.738806797877174,-5.8970704402515723,-4.7727132927239566,2.7795295597484277,3.4806295597484276,1.0
63.0,-26.543266742891923,36.925247557630172,19.416221830451853,-6.3086704402515723,-5.0969284241749344,2.5796295597484278,4.1600295597484278,1.0
65.0,-24.233450606134646,22.876029131674159,24.105297346658009,-5.2560333333333338,-4.8779968485767995,-0.2948333333333335,0.28546666666666654,6.0
66.0,-9.4682579023114801,1.7063291332366319,36.70310879517799,-5.4433846153846162,-5.0877851989434779,-0.19158461538461569,0.28021538461538431,8.0
68.0,-18.250776441083726,7.0207267554251382,-13.200030779411941,-5.5075208333333334,-5.0424970774577336,-0.49822083333333333,-0.34062083333333337,15.0
69.0,-29.802164064973603,-33.83389473896441,-17.575976016126557,-6.2629704402515722,-4.9355874998739289,2.6236295597484274,3.2547295597484274,1.0
71.0,41.376192617677567,-11.588536795506172,-0.15386856152092779,-5.3342843750000002,-5.0660718164766161,-0.55348437500000003,-0.34768437499999982,14.0
73.0,-36.947152263724448,-16.468687487517688,23.048155725626142,-5.3593208333333333,-5.0129195566937845,-0.45022083333333351,-0.29962083333333345,15.0
75.0,28.394008440673691,4.8834047211162028,8.2126018387058579,-5.0507208333333331,-4.9408058020552605,-0.43942083333333337,-0.2718208333333334,15.0
76.0,10.416733237632867,4.7233151971746432,18.321101143013163,-6.3343704402515728,-5.0435602888834623,2.7962295597484275,4.1788295597484275,1.0
77.0,16.898645662414289,1.28547271213534,19.833491504283565,-6.0815000000000001,-5.0204272844072086,0.60560000000000036,1.0548000000000004,3.0
78.0,14.370368927389801,-9.0264002863566759,19.683252229085745,-6.4156704402515716,-5.0572609130500403,2.7702295597484277,4.0101295597484281,1.0
79.0,29.658619764976603,-24.34783254073913,21.492186020190754,-5.2637000000000009,-4.9476210794497968,-0.20430000000000059,-0.050800000000000622,10.0
80.0,-21.152290357049516,-42.588875700395157,-13.684242090597719,-5.2254208333333336,-5.0452174179962235,-0.3193208333333335,-0.23032083333333353,15.0
82.0,-1.873518371867372,-10.633985074920217,9.3946642121650754,-5.4144350000000001,-5.0949819264198153,-0.64793500000000037,-0.27413500000000046,13.0
83.0,13.365842054338435,-31.144557742282068,25.19389586597223,-6.0442704402515721,-5.0292661358721222,2.6000295597484278,4.1489295597484279,1.0
84.0,17.617876678849985,-31.985127727932326,28.122479664941856,-6.2113704402515717,-5.1919425000738402,2.0238295597484277,3.6864295597484276,1.0
85.0,35.015388494703934,-1.8285914652655475,-9.3385217168351922,-5.1060208333333339,-4.9413498701629583,-0.35132083333333353,-0.17272083333333343,15.0
87.0,-18.760820028467617,7.5809846539111971,1.6774227954126457,-6.4359704402515723,-5.0190772240370496,2.5583295597484277,3.6277295597484276,1.0
88.0,-0.082786701122508258,-12.106736184003276,16.237675347232571,-5.4030843749999997,-5.1152357891176949,-0.32128437499999984,-0.17808437499999985,14.0
89.0,-6.3421249096912353,-32.414445767208058,36.111469502997771,-5.2138208333333331,-5.0455636431556679,-0.38852083333333343,-0.15182083333333352,15.0
91.0,20.378736031142115,-11.01952193591897,15.044606640110258,-6.6192692307692313,-5.0528088484954479,1.1670307692307691,1.9712307692307691,2.0
92.0,20.683108424528005,-18.277381759014677,15.559032433113504,-6.2849704402515725,-4.7977898864151305,2.5554295597484278,3.6965295597484276,1.0
93.0,39.178286592541738,-35.347664814938312,18.758390007973656,-5.0748647058823533,-4.9704544832423867,-0.47766470588235355,-0.079464705882353659,12.0
97.0,37.402604666468676,-38.231824219481581,-6.0516329750385998,-5.3907400000000001,-5.0611532553052623,-0.038040000000000518,0.13255999999999957,7.0
101.0,-29.876496950834131,21.151205031107441,-2.7066121671641317,-5.592084615384616,-4.9300549084481045,-0.4577846153846159,0.29691538461538425,8.0
102.0,-32.758785455214877,-33.111913067233026,35.727297195339709,-6.3835704402515718,-5.0436097496205257,2.5132295597484275,3.7510295597484276,1.0
110.0,-9.5598191864548738,31.977545872528527,26.486028292820173,-5.2581843749999999,-5.0441607099575032,-0.31038437499999993,-0.097684374999999823,14.0
111.0,-1.4897785881105452,21.513756975782503,25.290296337340116,-5.6269142857142853,-5.0374488437766196,0.077685714285714358,0.70638571428571439,5.0
112.0,3.0819718577906463,7.7185952865624987,22.151957098827427,-6.5508704402515727,-5.0270404027042659,2.7159295597484276,4.2659295597484279,1.0
113.0,16.948513164869855,-4.0146310310523257,22.153270892502498,-5.3342846153846155,-4.9619570838540357,-0.23618461538461566,0.058715384615384281,8.0
114.0,30.1687531056001,-15.891800282144793,21.899975662959079,-6.5493704402515727,-4.9892523995877829,2.7282295597484278,4.2431295597484278,1.0
115.0,12.43326904927722,-3.1663465233917907,-7.4643291397294638,-5.1683208333333335,-4.9713230768234151,-0.36002083333333346,-0.2568208333333335,15.0
116.0,-13.012362121810249,6.2351028902187107,-8.0788028389349389,-5.0826843749999995,-4.9947988943681709,-0.39348437499999989,-0.32218437499999997,14.0
117.0,5.8934760242993409,-12.907612005058704,2.3421320445916711,-6.1410704402515721,-5.104941063579215,2.4231295597484275,4.087929559748428,1.0
118.0,10.742304916948568,16.151921302008486,31.833449451394316,-6.0025704402515716,-4.908631398174343,1.9818295597484277,3.8899295597484276,1.0
119.0,-9.9849832972660497,31.427699198300548,41.21084258029461,-5.1785350000000001,-5.0385472254304071,-0.37933500000000042,-0.066735000000000433,13.0
121.0,-26.572445386776742,-29.460854968258715,-40.582340760813743,-6.4088704402515733,-5.0690820292082064,2.7926295597484274,4.1346295597484275,1.0
123.0,8.1085116502682979,41.082850622346633,-17.771154657117382,-6.0094704402515715,-4.8417604816645463,2.4693295597484277,3.3974295597484274,1.0
125.0,5.155581250267641,38.436943396903942,38.393445831327632,-5.019184375,-4.975608128387548,-0.40728437499999992,-0.25348437499999998,14.0
129.0,-38.434170703607485,14.003645046094331,20.383278990088474,-5.5322846153846159,-5.1847777043249215,-0.27098461538461582,0.10521538461538427,8.0
131.0,-29.662469690560386,6.8565639524338806,37.474993156988319,-5.8689704402515721,-4.9988477825780944,2.4192295597484277,3.8160295597484275,1.0
133.0,-27.478737479644952,-2.5666910744990177,-36.439595698525672,-5.4498333333333333,-5.0592209891773159,0.10336666666666661,0.42436666666666656,6.0
135.0,39.809687405585635,-8.3876098171944609,-39.010140871860223,-5.3305208333333338,-5.0721735196958093,-0.71752083333333339,-0.37442083333333342,15.0
139.0,41.643376478311119,-19.966661115513933,-21.088820928668703,-6.2538704402515721,-5.0514740068136152,2.5772295597484276,3.8424295597484277,1.0
141.0,32.751889378960954,-2.4484350089268725,0.73386192114394777,-5.1648843749999997,-4.9468714401536786,-0.38648437499999999,-0.19948437499999994,14.0
143.0,3.4922298348745344,9.7409658744995582,-28.501047318509482,-5.950899999999999,-4.8797609481987294,0.75890000000000035,1.4518000000000004,3.0
144.0,-2.7583135004985349,17.660549547670644,-25.034066410249789,-5.8784000000000001,-4.9928776538628616,0.81920000000000037,1.5367000000000004,3.0
145.0,-4.1377810693618366,22.988758930997047,-20.339871710139462,-5.9963704402515718,-4.9495354277258246,2.2998295597484275,2.8691295597484276,1.0
146.0,-12.723325819645719,34.737501493971735,-13.066965537157177,-5.3982400000000004,-4.9946780246919724,0.0062599999999994882,0.30725999999999942,7.0
148.0,-18.391643572493631,-34.99614214976183,-4.7811788034270233,-6.1516704402515723,-4.9703089372924776,2.3946295597484277,3.2349295597484278,1.0
150.0,-14.068132910164387,33.021360424625534,-29.252546095169102,-5.3427647058823533,-5.0323793260458389,-0.52146470588235383,-0.32236470588235355,12.0
152.0,1.4934893439763144,11.493697354713463,-36.039757279084739,-6.1153692307692316,-4.905415852046338,0.81683076923076903,1.8684307692307691,2.0
154.0,3.4451138239263641,4.9138779906469425,-39.589420427802885,-6.3566704402515724,-5.0688347255228896,2.7211295597484275,3.6846295597484278,1.0
156.0,-24.945391455153221,-30.915007005919463,-37.147807616410084,-5.4116846153846154,-5.0491069025598518,-0.82638461538461572,-0.49258461538461562,8.0
158.0,-6.8283345382331335,30.635584823639139,38.928733652088432,-5.4898400000000001,-5.0019982137773642,0.079259999999999442,0.34155999999999942,7.0
160.0,-14.021963236163586,-0.11673548381557139,38.436175639782753,-6.3754704402515729,-5.1294241284256268,2.3016295597484278,3.9892295597484275,1.0
162.0,-26.881705184710917,27.613592678977614,33.473228401214591,-5.0493843749999998,-4.991633407196109,-0.35528437499999987,-0.19298437499999999,14.0
164.0,-5.8347688822938393,26.867518613241572,-17.550952091675327,-5.1017843750000003,-4.8781210156354691,-0.6099843749999998,-0.31238437499999994,14.0
165.0,11.036654656010896,10.811214159188911,-33.279849959502805,-6.5625704402515721,-4.936626175352262,2.8784295597484277,4.2060295597484281,1.0
167.0,1.6698521019260879,-41.555909934970195,-31.275040971132533,-4.9730208333333339,-4.8719069953258609,-0.37652083333333342,-0.24092083333333347,15.0
169.0,14.813905693235592,-34.439319982614158,1.4428992510336711,-5.1170843750000001,-4.9809993487274653,-0.42288437499999998,-0.18218437499999984,14.0
171.0,22.390039502945104,33.46386231376286,23.905897029523356,-5.7012704402515721,-4.8684692796788145,2.2845295597484276,3.9081295597484278,1.0
173.0,18.149232506267332,23.540920544668133,31.721291440084372,-5.0812208333333331,-4.9490162844077945,-0.3545208333333334,-0.18252083333333347,15.0
174.0,-33.407328874163348,6.2614764280906385,-36.164750124821381,-5.3905350000000007,-5.063920583543962,-0.24993500000000046,-0.10483500000000046,13.0
178.0,-38.458008196953656,18.729401389421387,23.317831964480934,-5.4569692307692312,-4.6815070953600557,-0.2178692307692307,1.0237307692307691,2.0
180.0,27.470460724693023,-20.69727814216391,38.399260568315789,-5.3755208333333337,-5.0938373225296045,-0.41212083333333349,-0.27682083333333352,15.0
182.0,2.1830071769755404,14.834951825495809,34.699819752686402,-5.2121208333333335,-4.937838157831453,-0.31022083333333339,-0.19882083333333345,15.0
184.0,-26.264669199958355,-35.414335226579496,8.698672113679919,-5.1503647058823532,-4.9011599906164802,-0.80366470588235339,-0.45426470588235368,12.0
186.0,-12.756425213124531,28.737089502728455,-3.8393719537528672,-5.5217692307692312,-4.9901420946360444,1.1980307692307692,1.3680307692307692,2.0
187.0,-12.255460170429791,20.513818584526781,-3.5586362741010653,-6.2365704402515716,-4.9934071015011137,2.7735295597484275,3.7603295597484276,1.0
188.0,-35.575899154415957,33.912469065956024,-10.032675259742019,-5.2589843749999998,-5.0341696410706849,-0.36968437499999984,-0.18388437499999988,14.0
192.0,-22.212942770470889,4.716423937817841,-4.7521598350309358,-6.4989704402515729,-5.1287811388438032,2.6499295597484274,4.1021295597484277,1.0
193.0,8.8644479889985508,6.5684661838315028,8.1950242723214792,-5.2242208333333338,-5.077020671928028,-0.22442083333333351,-0.070320833333333388,15.0
194.0,-24.16676310611394,-7.6442012932962324,-42.116471840964309,-5.5272199999999998,-5.1298937876760586,0.39857999999999993,0.88577999999999979,4.0
196.0,-29.878656233848751,2.276909273307322,14.255631492899976,-5.1293249999999997,-5.0172247016823492,-0.52402499999999952,-0.065324999999999411,11.0
197.0,-31.702156422508001,-21.729571489319618,25.88309789430631,-5.1498843750000001,-4.9694255362546151,-0.32598437499999999,0.010815624999999995,14.0
198.0,42.004154787044861,-4.4730860204045122,-40.759478856827506,-6.5477704402515728,-5.0489515092233788,2.1157295597484276,3.5596295597484278,1.0
202.0,-2.7143786178115321,-35.381788169874532,-18.896303387284316,-5.1746350000000003,-5.0378547751115192,-0.2536350000000005,-0.079335000000000377,13.0
204.0,-5.8302267252907933,-33.557540545222871,10.783291310369403,-6.5872692307692313,-5.0689330487781357,1.0693307692307692,2.4988307692307692,2.0
206.0,-13.584941260749067,-22.780737365401034,-8.1981946167161261,-5.1270208333333338,-5.0322587048855967,-0.27232083333333357,-0.16442083333333346,15.0
207.0,31.399479073339677,10.649637784152807,41.519297425321462,-6.15186923076923,-4.9594764376566998,1.5883307692307691,2.2136307692307691,2.0
209.0,36.344675792835361,9.1663832927971995,37.002369868703781,-6.2848704402515727,-4.939494898101942,2.5003295597484279,3.7640295597484275,1.0
213.0,-41.48501326411678,-8.0648944700001621,26.231284997820783,-5.2437000000000005,-4.9259572766160016,-0.35030000000000072,0.10139999999999927,10.0
215.0,-34.042412404023437,-23.874746636854645,11.764285626986544,-6.1717704402515716,-4.9421657779033694,2.7348295597484276,4.0812295597484276,1.0
217.0,-32.177234429231028,-20.827971007983486,6.1476140014601306,-6.1234704402515723,-5.0713572231131252,2.5246295597484276,3.9407295597484278,1.0
218.0,-22.011385386565621,-13.892486736645958,0.63441618730313187,-5.1318208333333333,-4.9286384607376492,-0.33922083333333353,-0.28262083333333354,15.0
219.0,12.272178954458839,19.002424398031518,-29.138546310119359,-6.0735704402515731,-5.1083538544365936,2.7735295597484275,4.2945295597484279,1.0
220.0,8.7624728082540795,32.411107403680383,-2.3177617447723429,-5.1089843750000004,-4.9377706645340016,-0.43488437499999999,-0.11098437499999991,14.0
221.0,18.170008262981757,7.6312030227403405,-11.661037969269175,-6.4937704402515726,-5.0498912632275843,2.7299295597484274,3.0802295597484277,1.0
222.0,38.520679383809053,-10.168982109995634,-32.217301360706415,-5.2077843750000001,-4.9991514392297551,-0.44508437499999998,-0.18838437499999983,14.0
224.0,18.927940989186215,-7.3747577413522434,36.32267607811152,-5.1602208333333337,-5.0047090743412506,-0.37482083333333338,-0.15462083333333343,15.0
226.0,-2.6712435910342092,-9.4508133184983887,20.813343922901836,-5.2329208333333339,-4.9752304750514282,-0.49012083333333356,-0.20582083333333356,15.0
227.0,-36.938908988467269,-24.030147022486464,-4.7066545516693719,-5.1122208333333337,-4.9597987250876292,-0.18672083333333345,-0.17582083333333354,15.0
229.0,-25.773186438782705,-10.313927940880227,-0.85127538394125701,-5.2552208333333335,-4.9785938051717435,-0.21662083333333348,-0.052620833333333561,15.0
230.0,-17.249026464124498,15.037898758462656,27.473724020027461,-5.0457208333333332,-4.9918492827047505,-0.46102083333333344,-0.17802083333333352,15.0
231.0,7.1504590251509175,-11.701383059920365,-5.504390509506,-5.9613704402515717,-5.0838707895901818,1.9353295597484277,3.1848295597484277,1.0
232.0,16.178620943676361,-30.415270195459247,16.374042616781527,-5.2344350000000004,-5.0847930145847426,-0.31263500000000044,-0.088835000000000441,13.0
233.0,29.233057688325211,42.374323699473159,41.056850567310036,-6.1725704402515715,-5.0509299387059166,2.7352295597484275,3.8079295597484277,1.0
237.0,-13.716410959049835,31.453625396682028,16.466099568445426,-6.6573692307692314,-5.0582000688353643,1.0887307692307691,1.5003307692307692,2.0
238.0,-24.772315515959917,-32.825389491614523,25.860772490327431,-5.3863000000000003,-5.1559002432240248,-0.20250000000000057,0.03989999999999938,10.0
240.0,-39.77557607485479,-13.859898280009174,38.315692506962215,-5.9749999999999996,-5.0845778603785154,0.029200000000000337,1.1618000000000004,3.0
244.0,26.072725801090961,29.257516533286505,0.1290495980050867,-6.2191704402515731,-4.956509391651772,2.6400295597484278,3.7372295597484277,1.0
245.0,42.401692496327911,20.029838149174633,24.330886319782216,-5.3946843749999998,-5.1403123828088688,-0.12798437499999982,-0.053284374999999828,14.0
247.0,-24.665050198948766,-9.9923728098089359,-27.058975089172698,-5.1771208333333334,-4.920823664281623,-0.46712083333333343,-0.34922083333333354,15.0
248.0,-13.304180836670104,14.853851888380298,14.559331548520818,-5.9902999999999995,-5.0241863004240317,0.62280000000000024,1.5306000000000002,3.0
249.0,-3.9559884721740115,2.3207211837604023,21.114933378573593,-5.3066142857142857,-4.994962070639108,0.21468571428571437,0.56498571428571442,5.0
250.0,3.5609815691910716,-4.4665830226617906,29.016832672499909,-5.9598704402515716,-5.0038927777585664,2.7105295597484278,3.9004295597484275,1.0
251.0,5.3934245182364666,-14.986575539662685,36.257233334196883,-5.5858142857142861,-4.9511398576008823,0.22308571428571433,0.6890857142857143,5.0
253.0,12.756173712512489,-20.535107621255822,-38.947463060262258,-6.0018704402515732,-5.1564296908622769,2.4709295597484275,4.1492295597484272,1.0
255.0,29.473958201651367,8.0305184080422194,35.258656253365046,-5.1392843749999999,-5.0203700954299793,-0.25298437499999982,-0.227084375,14.0
257.0,-39.948244673931505,-11.807366759653057,15.62375339117424,-5.476470440251572,-4.9721884453008895,2.2275295597484277,2.7205295597484276,1.0
259.0,37.004809477849392,-3.1467223790286747,29.056972803499949,-5.1749843750000002,-5.0196281843740271,-0.28938437500000003,-0.22998437499999991,14.0
261.0,19.118080798565231,11.556450316272535,-39.528899065200591,-6.6076704402515718,-5.1311552542228487,2.3156295597484275,4.0763295597484275,1.0
263.0,-39.392466801184675,-39.577364424428239,24.601489016842862,-5.1279208333333335,-4.9446142788091469,-0.45942083333333339,-0.22412083333333355,15.0
267.0,-22.361718383298509,20.69880520496303,-23.971456150187432,-5.1650208333333332,-4.9666737675394499,-0.26752083333333343,-0.16302083333333339,15.0
268.0,37.771009192069883,21.422963405921035,42.559756300406541,-5.2161208333333331,-4.988189188162055,-0.25982083333333339,-0.17482083333333343,15.0
272.0,-18.427222073708066,15.125137384316174,-32.079699534780772,-5.3473843749999999,-5.1445660061963263,-0.68908437499999975,-0.24238437499999987,14.0
273.0,42.053671647795206,36.081177673686469,-33.636817608019932,-6.3292704402515723,-5.0917845075203347,2.7746295597484276,4.248729559748428,1.0
281.0,10.880777545075661,29.109982301100807,-4.7401199689597382,-5.4515208333333334,-5.0473442296899522,-0.21522083333333342,-0.14832083333333346,15.0
282.0,-19.027035171730393,17.393060428382757,38.820068964507314,-5.1932208333333332,-4.9525279967392999,-0.20792083333333355,-0.097120833333333545,15.0
284.0,-40.221884923080566,41.524308149548375,5.5965241236094716,-5.0062843749999999,-4.9725415626896137,-0.57308437500000009,-0.48878437499999983,14.0
288.0,23.959241633787734,-21.716918265747658,2.0005834572705994,-6.509270440251572,-5.0508310172317898,2.6733295597484275,4.041429559748428,1.0
289.0,-11.019152216591083,32.641622680632366,3.3595955299803002,-5.4915400000000005,-5.0655058001668465,-0.10384000000000038,0.22135999999999956,7.0
291.0,-23.302006304329943,-42.443257315863157,9.797425673842266,-5.9966704402515729,-4.6893719507720268,2.7233295597484277,3.3642295597484275,1.0
293.0,-27.129293217534666,-27.07884096866087,16.080461434817177,-5.3973400000000007,-5.0631811455248634,-0.082640000000000491,0.29515999999999942,7.0
294.0,5.8950068172640959,3.9219557772822351,-1.9464045568213739,-5.4760208333333331,-5.1037789306793604,-0.32382083333333345,-0.13842083333333344,15.0
295.0,11.697323223613788,-30.77749261054467,22.075824766455863,-5.3459692307692306,-4.8077803570830691,0.4936307692307691,1.1500307692307692,2.0
296.0,-1.9881447182883332,-11.227322782455396,5.3698114011335401,-5.0918350000000006,-4.8939240302568514,-0.40303500000000048,-0.067335000000000367,13.0
297.0,-23.770896004658951,-35.940468395192411,38.055783921475559,-5.3035208333333337,-5.0824613530050087,-0.2205208333333335,-0.16932083333333336,15.0
301.0,9.1912417376377089,36.259020508782477,40.225387972472639,-5.0995208333333331,-4.9818087530808688,-0.79372083333333343,-0.19842083333333349,15.0
305.0,30.667414720519382,32.661487393807249,-31.420311174937925,-4.9981208333333331,-4.9538634366400141,-0.31442083333333337,-0.1358208333333335,15.0
307.0,36.025293363929393,-35.340029142760436,-18.140308606493562,-5.2687208333333331,-5.0008511368503008,-0.3262208333333334,-0.15232083333333346,15.0
311.0,23.575515427316162,-16.399987682559821,42.314127919160562,-5.1214208333333335,-5.0292415999247257,-0.25592083333333338,-0.10272083333333337,15.0
313.0,-14.349450865603478,37.121972791153254,-22.351430877558279,-5.2463208333333338,-5.1112969627130056,-0.58402083333333366,-0.11742083333333353,15.0
315.0,32.076179133023736,29.537843450941025,34.300864162033342,-5.1639208333333331,-5.0430411455654314,-0.38522083333333357,-0.15382083333333352,15.0
317.0,7.6660856872074126,-24.885532226900473,-18.701565402465164,-5.0411843750000003,-4.9495917806921685,-0.30498437499999986,-0.17938437499999993,14.0
318.0,17.823325917981837,37.805145684816246,-3.9260508199242263,-6.4154704402515721,-4.9586362033455016,2.7730295597484278,4.0704295597484279,1.0
320.0,-19.602753674768859,11.643227695775092,-18.864643571379034,-5.1667208333333337,-5.0702940116873974,-0.4573208333333334,-0.17512083333333339,15.0
321.0,16.339955493856912,-7.3318432127206483,-10.81943616331117,-5.0650647058823539,-4.9231205578726565,-0.40036470588235362,-0.1384647058823536,12.0
322.0,35.588573662028573,-26.322386183886746,-12.48367723522019,-6.5871692307692316,-5.0589914406283798,1.1621307692307692,2.5062307692307693,2.0
324.0,41.847424688952302,-30.146251161543638,-9.1365942455275722,-6.3953704402515728,-5.0026067985949174,2.7235295597484277,3.7030295597484275,1.0
326.0,-36.117719076333046,6.9363435672178575,3.7945510157970817,-5.3567208333333332,-5.118419308850144,-0.25032083333333355,-0.20512083333333342,15.0
328.0,6.9159594877486645,-2.593597990060132,2.1988316414160094,-6.6165704402515724,-5.1342712806578463,2.4276295597484276,4.0688295597484281,1.0
329.0,-7.5898942948125354,25.314325064412571,7.4404940181097636,-5.2002843749999998,-5.0499476161939283,-0.20318437499999997,-0.051384374999999816,14.0
330.0,-18.009813436353713,41.07587094919905,-36.521139876776672,-5.1113692307692311,-4.9056136949945923,0.21423076923076922,1.3947307692307691,2.0
334.0,-17.649829517798334,-37.871852212741118,-33.2766945173748,-5.6931704402515733,-4.6806174003117951,2.7096295597484277,3.5957295597484276,1.0
338.0,-32.042879901512002,-24.198943568200068,-18.509783704715112,-5.1212647058823535,-4.9312321187510637,-0.39726470588235352,-0.19846470588235365,12.0
339.0,30.790903080558959,4.4915625853338206,17.667845423338697,-5.2659208333333334,-5.0171237193441787,-0.2214208333333334,-0.17052083333333345,15.0
340.0,-22.954609506487866,-7.8674898050532356,-7.8331535779241843,-5.3264208333333336,-5.077910965195171,-0.58342083333333328,-0.12842083333333343,15.0
341.0,-13.015613428979988,-24.961050421250796,40.635590742124528,-5.1014208333333331,-4.9478292267182722,-0.21032083333333351,-0.012720833333333514,15.0
343.0,25.543124564178594,-41.511251328967475,36.339601710450232,-6.4441704402515727,-5.1260113375682481,2.6311295597484277,4.1377295597484274,1.0
347.0,35.38884894494791,22.364018604159728,-26.603642977199829,-5.2684843749999999,-5.0515798205170217,-0.24968437499999996,-0.12248437499999998,14.0
349.0,41.890894328408542,-40.330190229250569,-42.094101580837361,-5.0639843749999995,-4.8427071278980325,-0.3953843749999999,-0.17828437499999983,14.0
357.0,22.406731186835721,-18.792562778122811,-40.053525257097142,-6.4279704402515732,-5.0558265516751995,2.5602295597484277,4.007129559748428,1.0
359.0,20.800125211495139,26.664700054176947,8.6587492169401745,-6.1739704402515718,-4.8659962428256414,2.2631295597484273,3.8189295597484278,1.0
360.0,26.754022152451416,7.3292784279699763,-16.237770048976724,-5.2734843749999998,-5.0589000096024144,-0.38788437499999984,-0.21138437499999996,14.0
361.0,11.560577743549748,28.968836210335507,1.3166817210371891,-5.3937142857142852,-4.7786702674605985,0.091285714285714414,0.36138571428571442,5.0
362.0,18.452672594581681,15.529333281920042,-24.613656316976758,-5.2556000000000003,-4.8902466244561831,-1.1238000000000006,-0.18480000000000052,10.0
363.0,-36.20753913031934,4.5276373113703112,14.672662976344002,-5.3723208333333332,-5.1300920427971199,-0.50542083333333343,-0.34892083333333357,15.0
365.0,31.344244544438027,2.6580029274617423,-0.40681375689929111,-5.1839208333333335,-4.9876945807914206,-0.31382083333333344,-0.26952083333333343,15.0
366.0,16.078885369945219,23.592010963356987,21.967762519574418,-5.2276208333333338,-5.0220203323134607,-0.22232083333333352,-0.015520833333333428,15.0
367.0,-22.353012259111519,16.351387628992565,-25.780176423878935,-5.2495208333333334,-5.0711348442174771,-0.27622083333333358,-0.10432083333333342,15.0
368.0,17.92677750048523,-36.047238100345496,41.102366428617387,-5.1600208333333333,-4.9910579109117359,-0.35782083333333348,-0.19942083333333338,15.0
372.0,13.209426899295337,-4.0247094516189827,12.187844373432968,-5.8728999999999996,-5.1079727890095317,0.7775000000000003,1.3391000000000004,3.0
373.0,32.378687837657658,-27.010108958038586,14.656526117604201,-5.3125647058823535,-5.0506303380222555,-0.22236470588235369,-0.095464705882353673,12.0
374.0,-30.56078826355246,31.118869247110904,-18.69497854473147,-5.3432333333333331,-5.0185148025740887,-0.098533333333333362,0.4481666666666666,6.0
375.0,-36.904061595325238,-40.405602953975063,-22.506796950315994,-5.4700704402515727,-4.9461226368684459,2.4156295597484276,3.9206295597484275,1.0
379.0,36.111815039244824,-32.898436399036257,-25.864094614209765,-5.4393333333333338,-5.0157450012985354,0.0090666666666665563,0.42606666666666659,6.0
383.0,24.379613628669489,-26.192258519997271,-25.735538839987797,-6.1282704402515717,-5.0781333440908192,2.6597295597484276,4.0374295597484275,1.0
384.0,21.942739760359181,-23.085481380736333,-30.563513454037334,-6.1410704402515721,-5.0841675540125619,2.4648295597484275,4.1172295597484272,1.0
385.0,28.367897054461078,40.221283656997109,-10.691718873472997,-6.1142704402515724,-4.8957221458007805,1.6521295597484276,2.8280295597484275,1.0
387.0,10.531254005330245,-27.765744687638829,-28.555862583756493,-5.0703843749999997,-5.0193314199516461,-0.28728437499999981,-0.128384375,14.0
388.0,-17.317999492601157,40.343391394587222,31.177547089017853,-5.363833333333333,-4.9193460247618521,0.11006666666666653,0.61076666666666668,6.0
390.0,-35.81257890700693,-23.994285940138234,-40.31202187026048,-5.1769375000000002,-5.0187641671234502,0.11066249999999966,0.17226249999999976,9.0
394.0,-31.206437725425353,-25.515636001600789,-27.749018846277551,-5.0119843749999999,-4.9774381756588966,-2.4426843749999998,-1.1147843749999997,14.0
395.0,-40.813510897460276,-4.7290119854735631,-7.1258122029288904,-6.5343704402515721,-5.0472203834261569,2.4371295597484277,4.1493295597484279,1.0
397.0,24.074986478373425,-40.818944989744047,21.209473452731981,-5.519000000000001,-5.0393212859654506,-0.067900000000000738,0.15539999999999932,10.0
399.0,17.594199982612242,-25.662182814397436,1.8533240319841875,-6.1829704402515722,-4.9055648324764087,2.6412295597484277,3.8070295597484276,1.0
400.0,11.042399903843714,-23.981876920897104,-3.0748538947256314,-5.2370999999999999,-4.9664656202709745,0.57170000000000032,0.75790000000000024,3.0
401.0,10.072163888855998,-14.465605454528829,-4.1879110522400351,-6.4068704402515726,-5.0818428993705789,2.7576295597484277,4.0433295597484271,1.0
402.0,38.799522275904252,22.321777640695178,12.166533432413738,-5.1913208333333332,-5.0394305117597993,-0.33792083333333345,-0.22942083333333341,15.0
404.0,10.802497769540311,28.865123602847063,-23.080650124176096,-5.1760843750000003,-4.9725415626896137,-0.32798437499999999,-0.14108437499999993,14.0
405.0,-0.90698287741357664,35.482896225004687,5.3292244638640609,-6.276770440251572,-5.1998067572669306,2.4334295597484275,3.9141295597484276,1.0
407.0,0.40564530241942287,23.035966531653624,7.1956528828562636,-5.5686200000000001,-4.9186469796780221,0.12797999999999976,0.76687999999999978,4.0
408.0,16.756237832337341,-4.6413424812880359,2.9844123111924343,-5.3726249999999993,-5.0561503017512921,-0.1955249999999995,-0.0013249999999995765,11.0
409.0,-1.9284559458189743,-34.860240221385389,28.51461784480497,-5.2768208333333337,-5.0153431328098943,-0.29952083333333346,-0.18652083333333347,15.0
411.0,8.8518589117119184,-25.362671376127871,-13.831276651380692,-5.3041208333333332,-5.0723219019069994,-0.3162208333333334,-0.16352083333333356,15.0
412.0,21.961849311318666,15.437949025942984,3.9013144035499567,-5.2796647058823538,-5.0724425230672407,-0.2847647058823537,-0.11706470588235351,12.0
413.0,28.966355080100165,-0.81172752413166427,-15.273356785933505,-5.8674704402515721,-4.8493774351723191,1.5626295597484277,1.6740295597484276,1.0
414.0,33.957542737271361,-1.2066360142597707,-17.0212081713182,-6.5261704402515717,-5.0226878578426817,2.6175295597484274,3.8952295597484277,1.0
416.0,31.300751546473073,-8.1684143167917274,-17.472251635081367,-6.4838704402515726,-5.0314424083029134,2.8425295597484275,4.2504295597484276,1.0
417.0,7.8594410521319249,-25.178149041567593,-24.520167727553133,-5.0848208333333336,-4.994668544717368,-0.25512083333333346,-0.16152083333333356,15.0
418.0,2.6101675890323079,-10.48920241643372,27.055299672844352,-5.1594208333333338,-4.9707295479786531,-0.39432083333333345,-0.20142083333333338,15.0
419.0,38.620769228813835,-7.6637383098890997,-25.219453738301006,-5.1017208333333333,-4.9976856496782389,-0.27032083333333357,-0.13142083333333354,15.0
421.0,-34.711476483001668,8.1222394811608982,16.48026634239789,-5.6152142857142859,-5.1192074421425184,0.049885714285714311,0.55738571428571437,5.0
423.0,39.770022631056996,19.097404983971263,-9.8038763048384716,-5.3073000000000006,-5.0171134150239567,-0.34730000000000061,0.11439999999999939,10.0
425.0,12.411174738239092,-1.1048427763493347,-21.1093701147655,-4.9685208333333337,-4.8941643270044182,-0.46752083333333339,-0.13432083333333344,15.0
426.0,-32.895523774619527,-1.6290925698315224,-27.413568244378819,-5.9295,-5.0127608701623725,0.72690000000000032,1.4550000000000003,3.0
428.0,-36.384357359794272,10.19116233475555,31.955697092619541,-5.1542249999999994,-4.9992704541283137,-0.19632499999999942,0.035475000000000589,11.0
430.0,36.377719505480684,17.73647231487919,12.586648016571711,-6.3604704402515724,-5.1423828415362545,2.6369295597484275,3.9142295597484278,1.0
432.0,15.291868792581504,26.889138170528195,36.651947199042283,-5.0857846153846156,-4.872433149769174,-0.28598461538461573,0.098415384615384349,8.0
434.0,22.413487137679461,17.118924502506964,8.9282841756027658,-5.2431400000000004,-4.9360670512717721,-0.055340000000000389,0.31095999999999946,7.0
435.0,33.965280820575835,-3.1660527384066741,-38.923847745732672,-5.1219208333333333,-5.0531805966634407,-0.47422083333333354,-0.32632083333333339,15.0
439.0,-21.883403150773475,6.8734270102282835,-37.723039137340443,-6.2105704402515718,-5.0723958985914583,1.9238295597484276,3.8541295597484275,1.0
441.0,-33.407862379539218,31.127110174881107,41.811214220623391,-5.0991350000000004,-4.973061209558387,-0.45543500000000048,-0.1476350000000004,13.0
445.0,32.115372239983905,-34.702600985213785,-42.041567067797253,-5.9335704402515725,-5.0735829562809815,2.5263295597484277,3.7336295597484277,1.0
449.0,19.901297515484128,7.4214694634589513,-2.0362719684519384,-6.2826704402515725,-4.8552138021458076,2.2046295597484278,3.1181295597484278,1.0
450.0,36.425188967857679,-6.8943812169690757,-21.39620310678761,-4.8770843749999999,-4.6318065450594403,-1.917084375,-0.79318437500000005,14.0
452.0,-18.554574029607181,41.095178616685487,12.848876527191761,-5.2343208333333333,-4.9962512883033989,-0.59452083333333361,-0.24512083333333345,15.0
454.0,6.828692577563416,11.408810744316252,-34.704584781980429,-6.0678999999999998,-5.0746857129658238,1.0417000000000003,1.6318000000000004,3.0
456.0,4.3818514036734628,19.095290317495941,-29.880694737275878,-6.0536704402515715,-4.8442335185177194,2.6116295597484278,3.6431295597484277,1.0
457.0,-11.777534010944509,32.670892793913112,-17.513155134001281,-5.2307249999999996,-5.0313210117454359,-0.21142499999999953,0.17167500000000047,11.0
459.0,-19.107222457228414,4.3675963653097174,-2.7621030284185326,-6.4651704402515717,-5.1104806661303224,2.8347295597484274,4.2505295597484274,1.0
460.0,-33.298620131519868,30.067783887090236,-6.2822609996762298,-5.2463350000000002,-4.9538704435777641,-0.19133500000000048,-0.1143350000000003,13.0
462.0,40.021347973613558,-31.383519096822329,-5.0811905421428314,-6.524070440251573,-5.0711099194278084,2.8874295597484276,4.1543295597484278,1.0
464.0,26.582260714268934,8.92048976752573,18.81458146713846,-5.1041350000000003,-5.0137673961616143,-0.4279350000000004,-0.27343500000000032,13.0
465.0,41.461881912767353,-7.245698706849633,-1.8125178273699114,-6.409069230769231,-5.1999050805221767,1.0255307692307691,1.8256307692307692,2.0
467.0,39.535693113127728,-31.516998909924325,19.94702504582224,-5.3533142857142852,-4.8864946742589401,-0.14931428571428573,0.30958571428571435,5.0
469.0,21.786629332686541,-7.9888302110277882,17.129245267069034,-5.3918000000000008,-5.1119296479746099,-0.13410000000000055,-0.016400000000000636,10.0
470.0,41.375361881702716,23.560061768093934,-8.3710157057035754,-6.2637704402515721,-4.8564008598353299,2.3575295597484276,3.2317295597484277,1.0
472.0,36.109970081401052,23.52665620258367,-13.251408441357114,-6.566770440251573,-5.0187309988776052,2.6598295597484274,4.341729559748428,1.0
474.0,39.095110032878551,29.460331600424226,-14.865178991342844,-6.0053704402515722,-4.7541160555880957,2.8380295597484277,3.8212295597484278,1.0
476.0,31.185601308770469,31.552054121495164,-25.239503806192843,-5.5924142857142858,-5.0457087868662169,0.17398571428571441,0.78828571428571437,5.0
477.0,29.400672531904934,41.18385588087348,-33.583178528085092,-5.351070440251573,-4.7988285618934636,2.4846295597484276,3.7920295597484275,1.0
481.0,21.007238623848334,-42.063218033277657,42.55922185979648,-5.173114285714286,-4.9845753158557811,0.19278571428571434,0.62108571428571424,5.0
485.0,12.397931023984787,-35.317144037298043,38.357685706402577,-6.3001704402515726,-5.0577555204206739,2.5368295597484276,3.6681295597484276,1.0
489.0,30.576223514667149,21.263416144721418,-13.437807109072347,-6.5259704402515721,-5.109837676548497,2.3562295597484275,3.9325295597484278,1.0
490.0,-39.614620517488142,10.443739400484915,10.724275999763453,-5.1865843749999998,-5.0141875032970464,-0.40768437499999988,-0.098984374999999902,14.0
492.0,14.820577499572734,-6.4938418361664585,-19.937727380625017,-5.1522843749999998,-4.9987557533332474,-0.305784375,-0.08718437499999987,14.0
493.0,30.522691843524342,-32.440551461133346,-23.149005181502993,-6.5570704402515725,-5.1023196445148509,2.8014295597484278,4.2749295597484274,1.0
494.0,0.94174954022597135,14.261878034086308,-17.606076081425766,-5.5785142857142853,-5.0115314175553669,0.049085714285714399,0.79978571428571432,5.0
495.0,-9.3132246356996742,27.638826920600231,-8.6748014749561904,-5.92042,-5.107290230838057,0.53127999999999975,0.91607999999999978,4.0
496.0,-21.081923022367377,39.250670945230368,-1.8120842280949285,-5.5037142857142856,-4.9449078047308861,0.1568857142857143,0.73338571428571431,5.0
498.0,-29.807119312685007,-41.428935908215351,2.5752895396529913,-6.2906704402515716,-4.9952866095095247,2.8827295597484275,4.3488295597484274,1.0
500.0,-2.4581172962112148,21.56672070634389,18.272679069801452,-5.3223208333333334,-5.0355725742688495,-0.24912083333333346,-0.1721208333333335,15.0
501.0,0.42794766567162218,11.250910227787084,-11.007261782745477,-5.3193400000000004,-4.9394303813920875,0.076559999999999517,0.31035999999999953,7.0
502.0,21.89669475804169,-11.057958913303375,-13.47462970836359,-5.4203846153846156,-5.0118135068140033,-0.046084615384615724,0.32981538461538418,8.0
503.0,6.7861178176745769,37.361787028287317,-39.590256653776635,-5.0375843749999998,-4.9748167565945325,-0.47238437499999986,-0.279584375,14.0
507.0,0.037331289675629334,33.225985007137972,-10.329426071565045,-6.0525704402515723,-4.9036358637309343,2.7635295597484277,3.8814295597484278,1.0
509.0,8.0608021555554785,9.0337170449875757,28.626065020934703,-5.1929208333333339,-5.0769217504539013,-0.20022083333333351,-0.05492083333333353,15.0
510.0,34.667481242898198,-3.1039562655645421,-12.954265269351872,-5.1419208333333337,-4.9860623764683254,-0.32452083333333337,-0.20972083333333358,15.0
512.0,-13.876031355336268,-22.423501535099501,1.3851590460510443,-5.2611208333333339,-5.0275104741275047,-0.42472083333333344,-0.23982083333333337,15.0
513.0,38.857412895525179,20.556965091798769,1.2208235371359646,-5.1241843749999996,-4.9804552806197675,-0.72998437499999991,-0.49628437500000011,14.0
515.0,33.510383832257901,39.224713684469357,-22.966959386470847,-6.3148704402515721,-5.1121623311904809,2.6338295597484276,4.1337295597484278,1.0
519.0,13.879524950206699,-9.4827497693068175,-26.980626463092797,-5.3256333333333332,-4.9402679165396961,0.14496666666666669,0.4835666666666667,6.0
520.0,-2.0155386604590424,13.994163099570786,-18.475751212518212,-5.1289375000000001,-4.8633585312700598,-0.098037500000000222,0.37086249999999987,9.0
521.0,-1.7516640601579183,-20.705237530627922,-40.963439949003451,-5.9418704402515727,-5.1503460202034708,2.0547295597484276,3.6146295597484275,1.0
523.0,-2.2051925631420284,-4.957164258849482,33.918675810964288,-5.6029846153846155,-5.0282344715190721,-0.17568461538461566,0.22441538461538424,8.0
525.0,-5.0608715326299389,9.8210741635201053,22.345761822545136,-6.1679704402515716,-4.8649575673473091,2.6057295597484278,4.0163295597484279,1.0
526.0,-12.926239777249609,9.6748376628497539,21.141264645784045,-6.464270440251572,-5.0323327015700565,2.6083295597484275,3.0504295597484274,1.0
527.0,-13.157618044465115,17.491720532973137,19.941781286662323,-6.2520704402515728,-4.8728218245403987,2.7413295597484275,4.128329559748428,1.0
528.0,-19.750768295476394,17.423563330332414,17.725878552372755,-5.8163,-4.8799093304099204,0.79910000000000037,1.3710000000000004,3.0
529.0,-9.7061093419158997,30.635397112477836,22.74359771304729,-5.2117208333333336,-4.8652792565593579,-0.42822083333333349,-0.3213208333333335,15.0
530.0,34.977532059109635,-1.0102549328037187,22.749175545845858,-5.287884375,-5.0665169631101872,-0.81018437499999996,-0.22688437500000003,14.0
532.0,-33.726744376585529,-20.348254823268732,9.9330796179487528,-6.5272704402515727,-5.241848383770872,2.4732295597484275,3.7598295597484275,1.0
534.0,-39.293079365235322,8.2161219231371287,-32.356392152932472,-5.5764200000000006,-4.937244216813883,0.35477999999999987,0.86447999999999992,4.0
536.0,-38.894876273095129,2.2371245660971915,-22.539101030886147,-6.0025704402515716,-4.9575975278671685,2.5996295597484278,3.7683295597484276,1.0
538.0,-34.49801351830417,2.1617324897730112,-5.1250044556955574,-5.4699400000000002,-5.0846471054104052,0.050559999999999494,0.39885999999999955,7.0
540.0,-30.120246869829952,-1.7821445194178922,12.045762112130697,-6.4664692307692304,-5.0260505897441163,0.88793076923076919,1.560630769230769,2.0
541.0,-32.195256695444513,-4.0464581648202822,17.654324096055355,-6.4448704402515729,-4.9655607065343856,2.8078295597484275,4.2461295597484279,1.0
542.0,32.81971479011662,12.427842678708574,-31.55941769096918,-6.6176704402515716,-5.0562222375717072,2.8123295597484277,4.3114295597484276,1.0
544.0,35.259876581012747,-1.122800374653385,-41.310586891945043,-5.3931400000000007,-4.9142548662267869,-0.14764000000000044,0.054859999999999465,7.0
548.0,-38.428760260163195,-17.331639286995479,26.040815971942372,-5.660733333333333,-5.1182276484940239,0.12796666666666656,0.33736666666666659,6.0
550.0,-34.604274905827594,-27.80979498389544,19.267902496992278,-6.3922704402515729,-4.9360821072445633,2.4747295597484276,3.7430295597484275,1.0
552.0,14.45813039405231,-33.884642012968811,-2.6565305600274329,-5.273384375,-5.0494035480862305,-0.366284375,-0.17278437499999999,14.0
554.0,0.05159736177270071,-11.624262736124603,-19.076261696036319,-6.5286704402515729,-5.0903006854084314,2.9016295597484274,4.3238295597484271,1.0
555.0,24.113496112590862,-13.187236446123499,37.419085973087704,-5.1583208333333337,-4.9690478829184954,-0.56532083333333327,-0.18982083333333355,15.0
557.0,-39.736106972494824,33.642125774054001,15.34796694698373,-6.2977704402515728,-5.1272478559948356,2.3966295597484275,3.7896295597484277,1.0
561.0,30.526101487191792,-28.499383431832445,8.5966083780323501,-5.2746843749999996,-5.0303117035797342,-0.52558437499999977,-0.24998437499999993,14.0
562.0,-1.1595681681103915,-34.112007749775856,41.730670600114735,-5.2123208333333331,-4.977654051167538,-0.72042083333333329,-0.32512083333333353,15.0
566.0,-26.077414573551597,-37.797394623386708,-17.501928948117222,-5.0174208333333334,-4.9974383459929221,-0.21842083333333351,-0.19882083333333345,15.0
568.0,-13.80333972814255,-30.20224031859636,11.920041101028975,-6.3366704402515728,-5.1359034849809415,2.5667295597484276,4.2339295597484279,1.0
569.0,-14.17134338909883,-25.043230840935525,9.5988778429392081,-6.3209692307692302,-5.0843153380048713,1.1986307692307692,1.4133307692307691,2.0
570.0,-18.7151300221642,-13.631496986894758,-16.7564126292922,-5.5774647058823534,-5.1470293145589379,-0.24006470588235351,-0.086264705882353576,12.0
571.0,15.315553660425813,-34.043256868800682,-14.150689198639155,-5.2203208333333331,-5.0692553362090651,-0.29182083333333342,-0.16682083333333342,15.0
573.0,-27.370750834228566,-29.141012712812795,30.47040233820503,-6.2822704402515717,-4.9412754846362272,2.3790295597484277,3.1073295597484276,1.0
574.0,39.41782152719945,-8.3688648856292343,-36.452354088198284,-5.2559843749999997,-5.0389178718287768,-0.698884375,-0.32098437499999988,14.0
578.0,40.774693695165972,29.166743462942854,-1.2485688590713353,-5.9221704402515725,-5.0532051326108363,2.6543295597484278,4.0630295597484274,1.0
580.0,25.121643022601337,41.589846320913693,-24.145495536832829,-5.1147843750000002,-4.9624021115916044,-0.27658437499999988,-0.18618437499999985,14.0
582.0,9.1176445298285724,31.899957884757487,-21.594391197995225,-5.0859375,-4.8946177170941665,-0.10893750000000013,0.18096249999999969,9.0
583.0,21.359762355492094,18.467023225343464,39.201195727129829,-5.5893333333333333,-5.0465095797520068,0.2163666666666666,0.44226666666666659,6.0
585.0,-16.783442326997548,-10.732689209855211,-3.1228960013711222,-6.4160704402515725,-5.0515234675506786,2.8183295597484275,4.3241295597484273,1.0
586.0,-15.529293569519274,-20.441060558943978,25.39642997664847,-5.1278843749999998,-4.9776854793442133,-0.21738437499999996,-0.15398437499999984,14.0
587.0,-9.6872787060006988,6.730600757648447,-38.356391406053781,-6.6272692307692305,-5.0687352058298814,1.0631307692307692,1.9939307692307691,2.0
589.0,-30.446810574691884,29.415683420419029,-36.236365118992111,-5.2834350000000008,-4.9825082103375076,-0.47783500000000023,-0.1284350000000003,13.0
591.0,-40.542321480928152,41.943551338025358,-30.825640202607545,-6.5042692307692311,-4.9713470145519292,1.1174307692307692,2.3137307692307689,2.0
595.0,-24.917451264969355,18.584347762863523,-30.712634774423808,-5.4798647058823535,-5.1897139306447038,-0.38506470588235353,-0.073564705882353643,12.0
596.0,-10.101374611076981,-5.1134459519395232,-27.734883053826728,-6.2045704402515716,-5.0949005339553333,2.5374295597484275,3.6169295597484274,1.0
597.0,-23.864706446569727,-34.599045578642709,21.789767665573933,-5.2962350000000002,-5.1100674512241699,-0.18433500000000036,0.027064999999999673,13.0
599.0,-41.915470372622842,-17.697384512175756,35.615795320420126,-6.2169704402515729,-4.9197106032765587,2.7022295597484276,4.0266295597484278,1.0
603.0,40.68655179130176,-17.71779355190813,37.67537833177925,-6.4997704402515728,-5.0726926630138394,2.8223295597484275,4.1515295597484272,1.0
607.0,-5.282003329771725,25.976216942276178,-40.626828271257075,-5.1091000000000006,-4.8641808160237403,-0.58400000000000052,-0.067400000000000571,10.0
609.0,10.594251651425161,3.0135127271165931,34.128655921480039,-5.4947142857142852,-4.9819538967914179,-0.016314285714285726,0.22268571428571438,5.0
611.0,-19.296052284679806,39.173785124789219,-4.7869270541527351,-5.1927208333333335,-5.0692058754720017,-0.24772083333333339,-0.1701208333333335,15.0
613.0,-8.8593058924501662,-29.46198585312867,-32.113152493024643,-5.2011843749999995,-4.8947398232887913,-0.31858437499999992,0.0033156250000001553,14.0
614.0,-1.4024999955820574,-29.73937000215961,-1.2192534938137867,-6.5363704402515728,-5.0996487647134243,2.4931295597484278,3.9695295597484277,1.0
615.0,-36.974466276437447,33.472106453202812,-0.028430671662944648,-5.1930208333333336,-5.0698983257908896,-0.29832083333333337,-0.16782083333333353,15.0
619.0,5.6936455956933827,-12.940788894020468,-9.2043398820451863,-6.0912704402515727,-5.0080969404089615,2.5277295597484275,3.9069295597484275,1.0
620.0,7.6969516019033124,-22.100749181388387,1.1162802631941759,-5.5140142857142855,-5.0480829022452633,0.12388571428571438,0.69698571428571432,5.0
621.0,17.576647837194692,-27.500978599431232,8.3710141833096401,-6.4632704402515726,-5.0456871005771902,2.8894295597484274,4.1597295597484276,1.0
622.0,22.286061609065367,-37.489865676469115,22.111152463949079,-5.3687846153846159,-4.9265926568536624,-0.36448461538461574,0.074415384615384328,8.0
624.0,26.330051836458864,-0.15514167277916274,-41.759298352920545,-6.4758704402515717,-5.1248737406157892,2.4632295597484277,3.8487295597484277,1.0
626.0,19.715691907411806,15.054595549806871,-16.607459930355091,-5.166284375,-5.0487110977673417,-0.56668437499999991,-0.18628437499999984,14.0
627.0,-42.585069936712671,-42.035154508761309,8.5071064644273662,-5.3695208333333335,-4.593690349343901,-2.1980208333333335,-0.42482083333333343,15.0
631.0,-20.78456367536279,12.623349209311094,-34.665885695511108,-4.9602249999999994,-4.9067294150825811,-0.52212499999999951,-0.048324999999999507,11.0
633.0,-3.8633339320505593,-10.273863386277132,-31.692009237248875,-5.5762200000000002,-4.8833814741517756,0.33687999999999985,1.2698799999999997,4.0
634.0,7.5235472788417646,-13.806774343405742,-33.163896605820774,-6.4802704402515721,-5.2100451298390666,2.3002295597484275,4.1076295597484274,1.0
636.0,5.3389690108597723,-21.951668798860187,-32.241049245573443,-6.0396704402515722,-4.753868751902778,2.9161295597484278,3.1983295597484278,1.0
637.0,20.09168974779012,-37.515446240517655,-16.217992505423524,-5.1380350000000004,-4.9975442744047998,-0.21503500000000031,-0.020535000000000414,13.0
639.0,-36.721404460577567,36.935259971657054,28.710972295685966,-5.1760704402515723,-4.872722903066272,1.9962295597484276,3.5470295597484274,1.0
643.0,-19.186430314469312,16.488826714322755,33.700198270206599,-5.1704350000000003,-4.9963077559782132,-0.36143500000000039,-0.12433500000000031,13.0
645.0,-10.384030481006423,-6.5460171181778675,-40.925947337839609,-6.5855704402515718,-5.0892620099300983,2.8060295597484277,4.3573295597484272,1.0
647.0,38.740655623410802,22.373607905341625,37.884258907644337,-5.0626843749999999,-5.0056307957850681,-0.28418437499999993,-0.16198437499999985,14.0
651.0,-34.938674732143014,11.226033407228305,-21.707835741370356,-6.0821704402515726,-5.273701098439739,2.1115295597484276,3.4491295597484277,1.0
653.0,-34.8954942825034,31.504087689235789,-11.74170122433301,-5.1055208333333333,-5.0159861223917188,-0.52492083333333328,-0.19592083333333354,15.0
655.0,-25.707316263465266,-31.973833891609956,31.179705420239525,-5.6688200000000002,-5.0915617164518769,0.64547999999999983,1.1537799999999998,4.0
656.0,-9.2724192689242262,31.929384805108828,17.041743648143324,-5.3217249999999998,-5.0570405950184343,-0.49612499999999971,-0.080224999999999547,11.0
657.0,-30.732420760998874,26.520468008404777,4.6464180817078686,-5.4245208333333332,-5.105163831317137,-0.85892083333333336,-0.29812083333333339,15.0
658.0,-28.394266424900984,-2.123591737946426,-13.359822927746517,-5.757714285714286,-5.0282491466828159,0.13958571428571442,0.62988571428571438,5.0
659.0,-27.3600230754436,-6.78756795658171,-1.7266880283960724,-6.4353704402515719,-4.9126377178764837,2.2482295597484274,3.2687295597484276,1.0
660.0,-19.119245561818577,-11.241777910104378,17.526380073909426,-5.4035375000000005,-4.9237995519616078,-0.14003750000000026,0.14476249999999968,9.0
661.0,-4.5393931360341933,-41.747479019893525,38.001597563823999,-6.4945704402515725,-5.0146752184384011,2.8345295597484275,4.2024295597484276,1.0
665.0,1.6086261604419625,-42.406625879187217,16.48821565383734,-5.2905000000000006,-4.9881294231047697,-0.23460000000000059,0.055199999999999472,10.0
667.0,0.9784651127149756,37.614787958499385,-9.7856590522659488,-5.68302,-5.0099020395601057,0.51907999999999976,1.1473799999999998,4.0
669.0,25.711947354607801,-17.042392796680883,-27.910468249030718,-5.2036208333333338,-4.9771594437969036,-0.30662083333333356,-0.1952208333333334,15.0
670.0,20.146638940709469,36.929860664977269,23.600922413424982,-6.2095704402515723,-5.0995003825022343,2.7864295597484277,3.8245295597484277,1.0
672.0,22.670773852504688,40.055346025934647,16.000948855824753,-6.6077692307692315,-4.977529606684862,1.1936307692307691,2.6110307692307693,2.0
674.0,12.064537618979319,-28.251145862239856,-1.1494434723847866,-5.2465647058823537,-5.033121237101791,-0.38416470588235363,-0.20656470588235365,12.0
675.0,-20.032032722032149,34.959437072316319,11.584440972639461,-6.3638704402515716,-4.9788656448044559,2.7324295597484278,4.0449295597484278,1.0
677.0,2.6861130034932983,12.430058588596763,5.4485710755730725,-5.2126843750000003,-5.0537560929478147,-0.32358437499999981,-0.1594843749999999,14.0
678.0,15.553645589844905,4.712876296452218,37.179541162735553,-5.8833704402515723,-5.0167031086580023,2.2656295597484277,3.8501295597484275,1.0
680.0,8.292220442903167,3.6856929685283513,37.384753470076312,-6.5689704402515732,-5.0412850949785426,2.8779295597484276,4.4307295597484275,1.0
682.0,11.414067996613669,9.3945325931267742,41.514317592775619,-5.7925704402515725,-4.6546999740905415,2.0221295597484277,3.4687295597484278,1.0
684.0,-6.2888043764781587,27.984400860144291,-37.185691674146973,-5.1645647058823538,-4.9991911714762569,-0.4348647058823536,-0.028864705882353681,12.0
686.0,36.826513832689621,21.465349983840319,-38.886396929755136,-5.1404208333333337,-4.9719660664052405,-0.38222083333333345,-0.21102083333333344,15.0
690.0,14.357285386856006,26.277583323635856,16.051442884516021,-5.1699350000000006,-5.0462136396752442,-0.10573500000000036,-0.029535000000000311,13.0
691.0,24.357831057650486,21.842465950823065,-12.474596446151292,-6.5119704402515728,-5.0406421053967172,2.8393295597484274,4.2756295597484275,1.0
692.0,26.786661623291469,17.516688066332961,-14.02894022194754,-6.5280704402515726,-4.9761947650030294,2.5572295597484276,4.1860295597484276,1.0
693.0,-33.223267886404564,31.945643419016342,37.678871386033059,-5.1291208333333334,-4.910288527287106,-0.28292083333333351,-0.034220833333333367,15.0
697.0,-1.2815257443820913,-14.461745356915657,-22.658432990247086,-5.3502142857142854,-5.0106411242882247,0.022485714285714442,0.4229857142857143,5.0
698.0,15.292965731068891,-33.529306545493505,-6.0165300261080699,-5.2307000000000006,-5.0227519390491917,-0.22110000000000052,-0.039500000000000535,10.0
700.0,-40.759821576611444,-17.197392682592316,9.9040544940699053,-5.3392843750000001,-5.0834819959229538,-0.82378437499999979,-0.38498437499999993,14.0
702.0,27.053214323192922,2.3487673711448918,27.851956444597768,-6.4850704402515715,-4.9470129301355881,2.8761295597484278,4.2103295597484278,1.0
703.0,35.902976877862692,-2.2174349455164828,17.632175541396087,-5.3046208333333338,-5.0867149763924662,-0.24212083333333356,-0.13832083333333345,15.0
705.0,-7.0340075262840722,-28.909536549033493,18.090954851898399,-5.3384208333333332,-5.0446238891514623,-0.41722083333333337,-0.071420833333333489,15.0
706.0,-23.537382484443174,-9.803875245634055,15.474569196986625,-5.0308208333333333,-4.9987737858936354,-0.53582083333333363,-0.45252083333333348,15.0
707.0,5.6581511702772973,-15.002312433769866,33.079779137244309,-5.2933208333333335,-4.9328426233880434,-0.35322083333333354,-0.069220833333333509,15.0
709.0,33.848636654663906,27.791953726635217,-29.068522653025852,-5.1717208333333335,-4.9720155271423039,-0.30792083333333342,-0.24042083333333353,15.0
711.0,4.0097474432592195,-14.749903175438488,26.664436684207459,-5.0889208333333338,-4.9834904181410264,-0.47742083333333341,-0.25212083333333357,15.0
712.0,29.973391242461503,8.5281137201734403,36.665630167718128,-5.096264705882354,-4.8969063672290227,-0.50326470588235361,-0.16676470588235359,12.0
714.0,-38.690145141464683,-8.0310300465899633,18.67313440820034,-5.9902999999999995,-5.0177069438687187,0.74160000000000026,1.4622000000000004,3.0
716.0,11.400822225607287,33.356928027147177,33.329371271851173,-5.0601843749999995,-4.9706620546812026,-0.33138437499999984,-0.14768437499999987,14.0
720.0,15.461952200285634,34.199623732626932,-21.272001613143054,-6.3314704402515725,-5.067153060462732,2.8759295597484278,4.1426295597484275,1.0
722.0,15.371244322336308,-30.878727639080346,-34.74359472445542,-5.2904843750000001,-5.0522228100988471,-0.41428437499999982,-0.27588437499999996,14.0
724.0,-3.5603703955788739,-12.560147306799932,33.520315662221478,-6.1476704402515727,-4.9920716616004004,2.7778295597484277,3.9106295597484277,1.0
726.0,3.3572654944847313,2.3818456547626501,-32.701018116819121,-6.1000704402515717,-5.1486643551433131,1.9654295597484277,3.8618295597484273,1.0
728.0,27.227593002296526,-18.049249374368856,-36.057261556744479,-5.0695843749999998,-4.9815928775722265,-0.35598437500000002,-0.28128437499999981,14.0
730.0,-38.931730455302919,-15.699179612358224,3.9414829558279609,-4.9847208333333333,-4.8854592372812489,-0.3072208333333335,-0.21612083333333354,15.0
732.0,10.948423292670642,15.994585255789252,-6.9658778729406166,-6.4648704402515724,-5.021302957204905,2.4987295597484276,4.2158295597484274,1.0
733.0,15.097637428381647,17.178784525081884,-14.043127706030855,-5.3196200000000005,-4.8969831768442269,0.58737999999999979,0.77067999999999981,4.0
734.0,27.438088565939129,7.2118965139240947,-36.955330729639044,-5.2564000000000011,-5.029280756341568,-0.10270000000000068,0.053999999999999382,10.0
736.0,-1.0653877955498141,14.040835079132338,-2.5190787142856217,-5.1327208333333338,-4.9928879581830836,-0.35802083333333345,-0.19592083333333354,15.0
737.0,-8.7012444842632259,-21.180686517300298,-31.498622846064816,-6.5734704402515716,-5.1498514128328363,2.2729295597484276,3.8678295597484276,1.0
738.0,-8.9130434651982426,-28.601602301151758,-1.3852839196934965,-5.4135843750000001,-5.0800692050655751,-0.33438437499999996,-0.21338437499999996,14.0
739.0,-17.979428556994449,14.446625464931799,23.486025194424592,-5.2739350000000007,-5.0120857311014566,-0.31453500000000045,-0.068835000000000424,13.0
740.0,-35.909592144794992,32.853109962370191,11.125365469025795,-5.597670440251572,-4.7571331605489666,1.3698295597484276,2.2808295597484278,1.0
744.0,-33.257964573860477,39.73889703330385,12.040981709595906,-5.4438704402515716,-4.7613373231993608,1.8201295597484277,2.6937295597484274,1.0
748.0,-10.810872555558072,4.8764880510846531,27.258546347027266,-5.1038208333333337,-4.9918987434418138,-0.37342083333333354,-0.055720833333333442,15.0
749.0,-27.182645547096762,-32.978869739651586,-22.942368908626317,-5.2109843749999998,-4.8510165317246932,-0.21718437499999999,-0.052884374999999872,14.0
751.0,-14.579618362327185,32.447920601781199,-40.79381352841758,-6.4770704402515724,-5.1190373736423007,2.8856295597484278,4.007129559748428,1.0
753.0,20.792168684623967,-5.0824169109138664,9.5804827500838403,-5.8600704402515715,-5.087926570029385,1.9882295597484276,3.5835295597484276,1.0
754.0,1.7108154304086227,20.699607170161865,14.862688728603255,-5.2073843750000002,-5.0028609945095148,-0.60948437500000008,-0.2199843749999999,14.0
755.0,-14.092314565426365,-4.5602691677559912,-18.003834291026553,-6.3515704402515718,-5.1224501644996794,2.5054295597484275,3.8885295597484277,1.0
756.0,1.7702128858109665,-17.932877542954465,-6.572465414076289,-5.5927375000000001,-5.1958830665476992,0.0057624999999996707,0.30776249999999972,9.0
757.0,15.85251099754954,-34.918670849025396,11.8037654163235,-5.6239142857142861,-4.9996113799230724,0.25298571428571437,0.50898571428571437,5.0
759.0,-29.748989977762811,7.8405553819412042,-6.7578012500206182,-6.2972704402515722,-5.0726926630138394,2.6322295597484278,4.3211295597484281,1.0
760.0,-25.470871773577123,-3.7389383691960276,22.735131459377463,-5.2426843749999996,-5.0318944471657652,-0.55968437499999979,-0.41698437499999996,14.0
761.0,-11.412574673142744,39.56010099986775,-41.0583435846874,-5.5102142857142855,-5.1176246985564875,-0.71701428571428583,0.037085714285714388,5.0
765.0,-28.743909739398234,-26.062504597185551,-27.782417696045481,-5.2177000000000007,-4.9297162926328246,-0.13190000000000057,0.04109999999999947,10.0
766.0,15.961476851689044,14.630249401455997,40.944495567818286,-5.7774704402515722,-4.8533837548744589,2.1738295597484276,3.4217295597484276,1.0
768.0,10.948029314559777,29.643163546051966,-15.553842758710299,-5.2610843750000003,-5.0643901514164584,-0.34538437499999985,-0.22218437499999988,14.0
769.0,9.028724925922063,-41.875933160005673,25.712900505799531,-6.1763704402515716,-4.8364187220616923,2.2743295597484279,3.3518295597484276,1.0
771.0,2.6756520167596802,41.174257372408448,-31.63057164220734,-5.0141843750000001,-4.9171455371785386,-0.37168437499999984,-0.257384375,14.0
773.0,3.7234414664484934,-7.7518212717335073,-5.7385221430843396,-6.2837704402515717,-4.7444712118607208,2.8737295597484276,4.057429559748428,1.0
774.0,-16.157934392153145,11.422260798712234,-12.860045235783481,-5.330184375,-5.116818532703725,-0.62098437499999992,-0.38298437499999993,14.0
775.0,37.358858563369687,-41.632682560207236,-38.590271141101326,-6.1966704402515722,-4.9941490125570649,2.5634295597484278,3.4943295597484276,1.0
783.0,-31.626388630490997,27.292858274064415,-39.343703693874261,-5.2778000000000009,-5.0309129606646623,-0.13800000000000057,0.073199999999999266,10.0
785.0,-14.914398880479656,12.124077474487233,-37.072597476025209,-6.4629704402515715,-4.9904394572773061,2.5151295597484276,3.4824295597484278,1.0
787.0,-13.241227631411411,3.2166295661945576,-37.642038782264699,-5.9735999999999994,-4.8904939281415007,0.7574000000000003,1.6228000000000002,3.0
789.0,-23.074473799327524,-41.102731050789508,-26.270273797832491,-5.5490846153846158,-4.955378805824596,-0.15268461538461575,0.18271538461538417,8.0
791.0,-8.3850591172446354,23.835878009104366,-35.838696548504224,-5.5625142857142853,-4.9855150698599866,0.35188571428571436,0.58188571428571434,5.0
793.0,-1.0350927258007998,12.886635809757964,-40.160278868547408,-6.5299692307692316,-5.1315008811634124,1.0779307692307691,2.0836307692307692,2.0
795.0,28.433806285689055,35.494741582028375,-20.030775756009572,-5.311484375,-5.0210130850118038,-0.30818437499999995,-0.12168437499999984,14.0
797.0,35.821772862648167,18.896667848274191,3.5230672417565692,-6.140370440251572,-5.1084033151736579,2.3016295597484278,3.8772295597484279,1.0
799.0,41.735532675263286,19.842388631752687,41.071874453961264,-5.4697200000000006,-4.9987733737208266,-0.26832000000000011,0.20457999999999976,4.0
803.0,31.1834244368622,30.613787988834595,16.731617926341208,-5.3924000000000003,-5.0469382394732234,-0.28730000000000055,0.010499999999999288,10.0
804.0,27.151707981025321,42.327341455471441,-1.1312216002801905,-6.2095704402515723,-4.666323247300455,2.2275295597484277,3.6646295597484277,1.0
806.0,-36.233036467545467,15.719908438643388,-40.984935625677217,-6.2549704402515731,-4.9936049444493671,2.8970295597484275,4.1398295597484278,1.0
810.0,36.018463265849981,26.44157665316763,18.063660746161116,-5.3261843749999995,-5.017303529732045,-0.27208437499999993,-0.1171843749999999,14.0
812.0,-40.999236306565464,16.530091703220652,36.516203547912752,-5.2680208333333338,-5.0796915517294554,-0.22472083333333348,-0.10412083333333344,15.0
816.0,0.5977174186391162,-37.465240124123213,9.7571954460558672,-6.2898704402515717,-5.0247652087993471,2.5973295597484274,3.7960295597484275,1.0
818.0,-0.53531181516637416,-40.392965267674313,-10.783319228954618,-5.2762375000000006,-5.0082290301289332,-0.19553750000000014,0.070362499999999661,9.0
820.0,1.2921006665089663,-39.245261333024871,-38.546525866524782,-5.5324142857142853,-4.9355102646888289,0.16308571428571428,0.76238571428571444,5.0
824.0,-41.978459717002103,12.376322648823221,12.243032990923313,-5.1335208333333338,-4.9270557171516183,-0.27012083333333337,-0.063220833333333504,15.0
826.0,-21.402942959625175,-8.7814500500647892,23.171283087246728,-5.2835208333333332,-5.0032252522293463,-0.5865208333333336,-0.35312083333333355,15.0
827.0,-6.1678199229861166,-37.33086047035178,32.505282839483108,-6.2354704402515724,-5.0509299387059166,2.5212295597484276,4.0096295597484275,1.0
829.0,-0.65432201884179531,-34.515723881335276,-35.749114543387556,-5.2320846153846157,-5.0096866951202745,-0.21228461538461563,0.11541538461538425,8.0
833.0,-1.837138685559581,-35.895279282268937,-6.7865657404295012,-5.5153333333333334,-4.9610908868434125,0.10336666666666661,0.52296666666666658,6.0
835.0,-32.563475874021428,25.526475781752644,18.825298400282854,-5.4986704402515718,-4.8691617299977032,2.2296295597484277,3.3249295597484276,1.0
836.0,35.384168352334619,-33.930769828499564,13.748949378262168,-5.1490843750000002,-5.0193314199516461,-0.46968437499999993,-0.11278437499999994,14.0
840.0,32.824537159906875,29.997256072469646,-38.20290538805417,-5.1446350000000001,-4.9610917111890291,-0.39353500000000041,-0.05163500000000032,13.0
844.0,21.411797869697679,-35.572554491082549,28.763733121573896,-6.6432692307692305,-5.0651740327613126,1.1161307692307691,2.2237307692307691,2.0
846.0,22.119152251465515,-14.712705284887404,-33.138040114517693,-4.9431208333333334,-4.9008415265079845,-0.33952083333333349,-0.25212083333333357,15.0
848.0,-26.316707658802006,25.64026514391437,40.070694952644232,-5.1249647058823538,-4.9227248719761487,-0.50766470588235357,-0.14836470588235362,12.0
850.0,-6.8940708928802383,8.188019628322257,40.928372814027689,-6.1022692307692301,-5.170525402706482,1.4567307692307692,2.134030769230769,2.0
852.0,-4.6361489493136183,2.5774455500397981,42.499552356796592,-6.3164704402515719,-5.0802601557845488,2.8860295597484278,3.8858295597484274,1.0
854.0,-35.934297191638763,3.6399434494669087,1.4992140993684042,-5.2633375000000004,-5.0400322840607377,0.045262499999999761,0.13936249999999983,9.0
856.0,-32.833152223531386,-0.79309455145988095,20.323163778368809,-6.1668704402515724,-5.0497428810163942,2.4094295597484274,3.6587295597484277,1.0
858.0,-26.16062729912602,-3.0504719847026163,32.244201911368179,-5.5333142857142859,-5.0472420697151845,0.08398571428571433,0.54028571428571426,5.0
859.0,-15.2673894238331,33.684659455891591,-1.4443577556742127,-5.2924208333333338,-5.0667328386188286,-0.25532083333333344,-0.14972083333333353,15.0
861.0,38.075113606436624,21.363851382181817,31.165570317399126,-5.1482208333333332,-4.6402329029206157,-2.1473208333333336,-0.64762083333333331,15.0
863.0,-0.3973512393833899,-27.869443398896848,26.994112302619733,-6.8033692307692304,-5.1203722153241333,1.139330769230769,2.3149307692307692,2.0
864.0,-1.3253897707579434,-36.875321685191309,-3.2059916100868167,-5.3981350000000008,-5.1089793150087743,-0.28453500000000043,-0.052235000000000475,13.0
866.0,41.34281540087359,-20.462353603002949,-30.10079880589144,-6.281370440251572,-5.1336777518130852,2.4753295597484275,3.7328295597484278,1.0
868.0,-21.283006296486707,-41.104015557993328,39.658551899593519,-5.4427843749999996,-5.0633514759381262,-0.41368437499999988,-0.16388437499999986,14.0
872.0,13.256948983784847,2.0346404579527411,29.990815034873915,-5.1700208333333331,-5.0441787425178912,-0.32672083333333357,-0.16582083333333353,15.0
873.0,-34.793132403158431,26.312324379027967,-1.0221525842381263,-6.4774704402515733,-5.0488031270121887,2.2495295597484275,3.7736295597484277,1.0
875.0,-28.495379820492502,31.323505625341269,-4.0291401390775663,-6.0978704402515715,-5.019275066985303,2.6280295597484278,3.9059295597484276,1.0
876.0,34.675073574143283,-30.716833174394502,-3.1532195448737954,-5.1795350000000004,-5.0384977646933438,-0.12483500000000047,0.030264999999999542,13.0
878.0,19.448774311529487,16.367203263775693,-26.790922622788202,-5.1612350000000005,-4.550715975773505,-1.6885350000000003,-0.52123500000000034,13.0
879.0,9.2477840240284515,24.981749852241737,-0.082587834448309139,-6.0031692307692301,-4.9264366652983078,0.60933076923076923,1.3793307692307692,2.0
880.0,24.122097410521111,-9.1597743410406771,9.5605584123155278,-6.2627704402515727,-5.0106194379991971,2.3708295597484277,4.0748295597484274,1.0
881.0,38.51707901113604,-35.609524321794567,11.79713267894183,-5.2787843749999999,-5.0064716283151469,-0.39468437499999998,-0.22218437499999988,14.0
885.0,-11.241498286308772,-22.489895237300122,18.392948802248959,-5.6693199999999999,-5.0263230042651736,0.62977999999999978,1.0758799999999997,4.0
886.0,-15.467058093667642,-16.791817405389054,-9.4616333767468621,-5.3785375000000002,-5.0553156518133466,0.013862499999999667,0.16306249999999967,9.0
887.0,-23.248065406395867,-13.188256791744081,-31.197563846293448,-6.0523704402515728,-4.8656994784032612,2.8224295597484277,3.0156295597484277,1.0
888.0,-18.094523733971783,-9.9014349545017346,-30.87135069520566,-6.5782704402515728,-5.0438570533058416,2.5108295597484274,3.8827295597484275,1.0
889.0,-26.734409748553606,-8.417901255678494,23.077304381966762,-5.7111704402515722,-5.0132903178006236,1.7815295597484275,3.2795295597484277,1.0
890.0,-31.490941498653843,0.10868353061176844,-9.377801305291678,-5.2693843749999996,-5.0809594983327173,-0.22288437500000002,-0.019584374999999987,14.0
891.0,-35.369086943760564,42.292907503732266,-16.495408367005734,-5.3023704402515728,-4.9080873300666461,1.8773295597484276,3.3422295597484277,1.0
895.0,27.361808891695564,-18.328057350361551,-16.730993830405367,-5.1494843750000001,-4.968832007409854,-0.20568437499999992,0.015815625000000111,14.0
896.0,-36.070776465332806,39.020524267127989,28.644772248045591,-5.2591208333333332,-5.108626082911579,-0.20252083333333348,-0.099520833333333503,15.0
900.0,29.642665078452467,-25.107590877072447,-20.638888419196764,-5.2774208333333332,-4.9643985736345302,-0.31422083333333339,-0.29162083333333344,15.0
901.0,17.024166540905814,22.998502561441097,2.0268577785641311,-5.3713249999999997,-5.0184117593718724,-0.46702499999999958,0.0010750000000006033,11.0
902.0,13.94095160079563,28.767837428581704,30.285416407851873,-5.8906999999999998,-5.0190918445064954,0.83030000000000026,1.5425000000000004,3.0
903.0,16.580084547688877,33.399079467541902,38.498377109158028,-6.4675704402515732,-5.1300176572703888,2.5856295597484276,3.8132295597484278,1.0
907.0,-4.3740356896693955,22.891124770817541,-27.000675924507096,-5.1105846153846155,-4.83162804169182,-0.89568461538461586,0.21801538461538428,8.0
908.0,-10.505469268863042,38.923874288066131,-19.700849078619711,-5.9927704402515731,-4.7358650436116791,2.6864295597484276,3.8284295597484275,1.0
910.0,-18.971358098494981,-40.789116791433543,-11.144012421049641,-5.7118142857142855,-5.1017478019591165,0.13158571428571442,0.42258571428571434,5.0
912.0,-23.919549357958921,-30.302375257402442,-5.3014675054259071,-6.5253704402515718,-5.1153772790996053,2.5059295597484277,4.0352295597484273,1.0
913.0,-23.59862042487039,14.640325556957196,5.7664243893519762,-5.4309692307692305,-4.6626130938018147,1.2892307692307692,2.0289307692307692,2.0
914.0,-39.700399457237253,40.919116483232905,1.2257298879885909,-5.3055350000000008,-5.0412675659688979,-0.32663500000000045,-0.050535000000000441,13.0
918.0,23.188908970011592,-13.98358335896445,-38.190233943833448,-5.359820833333333,-5.0291921391876624,-0.34912083333333355,-0.13242083333333343,15.0
920.0,-32.560031002202848,-23.734837707352597,-21.216456402654675,-5.0586208333333333,-4.920526899859242,-0.63462083333333341,-0.23802083333333357,15.0
