0,0,1,2,3,4,5,6,7,8,9,11,13,15,17,19
1,21,22,23,24,25,26,27,28,29,30,31,32,33,34,35
2,36,38,39,40,41,42,43,44,45,46,47,48,49,50,51
3,52,53,54,55,56,57,58,59,60,62,64,66,68,70,71
4,72,73,75,77,79,81,82,83,84,85,86,87,88,89,90
5,91,92,93,94,95,97,98,99,101,102,103,105,107,109,113
6,121,122,123,124,125,126,127,128,129,130,131,132,133,134,136
7,137,141,145,149,151,153,154,155,156,157,158,159,160,161,162
8,163,164,165,166,167,168,169,170,171,172,173,174,175,176,177
9,178,182,186,190,194,196,198,199,201,202,203,204,206,208,210
10,212,213,214,215,216,217,218,219,220,221,222,223,224,225,226
11,228,230,232,234,236,238,240,242,244,246,248,250,252,254,256
12,258,259,260,261,262,263,264,265,266,267,268,270,272,276,278
13,282,283,284,285,286,287,288,289,290,291,292,293,297,299,303
14,307,309,311,312,313,314,315,316,317,318,319,320,321,322,323
15,324,326,327,329,331,333,335,337,339,341,343,345,349,350,352
16,354,355,356,357,358,359,360,361,362,363,365,367,369,371,373
17,374,375,376,377,378,379,380,381,382,383,384,385,386,387,388
18,389,391,393,395,397,399,401,403,405,409,413,415,419,423,427
19,431,433,434,435,436,437,438,439,440,441,443,445,447,449,451
20,453,455,456,458,459,460,461,462,463,464,465,466,467,468,469
21,470,472,473,475,477,479,481,483,485,487,489,491,493,494,496
22,497,501,505,509,513,515,517,519,521,522,524,525,526,527,529
23,531,532,533,534,535,536,537,538,539,540,541,542,544,546,548
24,550,551,552,553,554,555,556,557,558,559,560,561,563,567,571
25,575,576,577,578,580,582,584,586,588,590,592,594,595,597,598
26,600,601,602,603,604,605,606,607,608,609,610,611,612,613,614
27,615,617,619,621,623,625,627,629,630,632,633,634,635,636,637
28,638,639,640,641,642,643,644,645,646,647,648,649,650,651,652
29,653,655,657,659,661,663,664,668,670,672,674,676,677,679,680
30,682,683,684,685,686,687,689,690,692,696,700,704,708,712,716
31,718,719,721,725,729,733,737,741,745,747,748,750,751,752,753
32,754,762,764,768,770,772,774,776,778,779,780,781,782,783,784
33,785,786,787,788,789,790,791,792,793,794,795,796,797,798,799
34,800,801,802,803,804,805,806,807,808,809,810,811,812,813,814
35,815,816,817,818,819,820,821,822,823,824,825,826,827,828,829
36,830,831,833,835,837,839,841,843,845,849,853,857,861,865,869
37,871,873,875,877,879,881,885,889,893,897,899,901,903,905,907
38,909,911,913,915,917,919,921,922,926,928,930,932,934,936,937
39,938,939,940,941,942,946,948,952,956,960,964,968,972,974,978
40,979,981,983,985,987,989,991,993,995,996,997,998,999,1000,1001
41,1002,1003,1004,1005,1006,1007,1008,1009,1010,1011,1012,1014,1016,1018,1020
42,1022,1024,1026,1028,1030,1032,1034,1035,1037,1038,1040,1042,1044,1046,1048
43,1050,1051,1053,1055,1057,1059,1063,1067,1071,1075,1079,1083,1085,1087,1089
44,1091,1093,1095,1097,1099,1101,1103,1104,1105,1106,1108,1110,1112,1116,1120
45,1124,1126,1128,1130,1132,1134,1135,1136,1137,1138,1139,1140,1141,1142,1143
46,1145,1147,1149,1153,1157,1161,1165,1169,1171,1173,1175,1177,1179,1181,1183
47,1185,1186,1187,1188,1189,1190,1191,1193,1195,1197,1199,1201,1203,1205,1207
48,1209,1210,1211,1212,1213,1214,1215,1216,1217,1219,1221,1223,1225,1227,1229
49,1230,1231,1232,1233,1235,1236,1240,1242,1246,1248,1252,1256,1258,1260,1262
50,1264,1266,1268,1270,1272,1274,1276,1278,1280,1284,1286,1290,1298,1306,1310
51,1318,1319,1320,1321,1323,1324,1325,1327,1329,1331,1333,1335,1337,1339,1343
52,1347,1349,1351,1353,1354,1355,1356,1358,1360,1362,1364,1366,1368,1369,1370
53,1371,1373,1375,1379,1383,1387,1391,1395,1397,1399,1400,1401,1402,1403,1404
54,1405,1406,1407,1408,1409,1410,1411,1412,1413,1414,1415,1416,1417,1418,1419
55,1420,1422,1424,1426,1428,1430,1431,1432,1433,1434,1435,1437,1438,1440,1442
56,1444,1446,1448,1449,1450,1451,1452,1453,1455,1456,1458,1462,1466,1470,1474
57,1478,1482,1486,1490,1492,1494,1496,1498,1499,1501,1502,1504,1506,1508,1509
58,1511,1513,1514,1515,1516,1517,1518,1519,1520,1521,1522,1523,1524,1525,1526
59,1527,1529,1531,1535,1537,1541,1543,1545,1547,1549,1551,1553,1555,1556,1558
60,1559,1560,1561,1562,1563,1564,1565,1566,1567,1568,1569,1570,1571,1572,1573
61,1574,1575,1576,1577,1578,1579,1580,1581,1582,1583,1585,1586,1588,1590,1592
62,1594,1595,1596,1597,1598,1599,1601,1602,1604,1608,1612,1616,1620,1624,1626
63,1630,1632,1634,1635,1636,1638,1640,1642,1644,1646,1648,1650,1652,1654,1656
64,1658,1659,1660,1661,1662,1663,1664,1665,1666,1667,1668,1669,1670,1671,1673
65,1675,1676,1678,1680,1682,1684,1686,1688,1690,1692,1693,1697,1698,1700,1702
66,1704,1706,1707,1709,1710,1711,1712,1713,1714,1715,1716,1717,1718,1719,1720
67,1721,1723,1725,1727,1729,1730,1731,1732,1733,1734,1735,1736,1737,1739,1743
68,1745,1746,1747,1748,1749,1750,1751,1752,1754,1755,1757,1759,1761,1763,1767
69,1771,1772,1774,1776,1778,1780,1782,1784,1785,1786,1787,1789,1791,1795,1799
70,1803,1804,1806,1807,1809,1811,1813,1815,1817,1819,1821,1825,1829,1833,1837
71,1841,1845,1847,1849,1851,1853,1855,1856,1857,1858,1859,1860,1861,1862,1863
72,1864,1865,1866,1867,1868,1869,1870,1871,1872,1873,1874,1876,1878,1880,1882
73,1884,1885,1887,1889,1891,1893,1895,1897,1898,1900,1901,1903,1905,1907,1909
74,1911,1913,1915,1917,1919,1921,1923,1925,1927,1929,1933,1935,1937,1939,1941
75,1943,1945,1946,1948,1949,1951,1955,1959,1963,1967,1971,1973,1974,1975,1976
76,1977,1978,1979,1980,1981,1982,1983,1984,1985,1986,1987,1988,1992,1994,1998
77,2002,2003,2005,2006,2010,2012,2016,2020,2024,2028,2032,2036,2038,2040,2042
78,2044,2045,2046,2047,2048,2049,2050,2051,2052,2054,2055,2056,2058,2062,2070
79,2078,2080,2082,2084,2086,2087,2088,2089,2090,2091,2092,2093,2094,2095,2096
80,2097,2105,2109,2113,2115,2117,2119,2121,2123,2125,2127,2129,2131,2133,2135
81,2137,2138,2139,2141,2142,2146,2150,2154,2158,2162,2166,2170,2172,2173,2175
82,2176,2177,2178,2179,2180,2182,2184,2186,2188,2190,2192,2193,2194,2195,2196
83,2197,2198,2199,2200,2201,2202,2203,2204,2205,2206,2207,2208,2209,2210,2211
84,2212,2213,2215,2216,2217,2218,2219,2220,2221,2222,2223,2224,2225,2226,2227
85,2228,2229,2230,2232,2234,2238,2242,2246,2250,2254,2256,2260,2262,2266,2270
86,2274,2276,2278,2280,2282,2286,2290,2294,2298,2302,2304,2306,2308,2310,2311
87,2313,2315,2317,2319,2321,2323,2325,2326,2330,2334,2338,2342,2346,2350,2354
88,2358,2359,2360,2361,2362,2363,2365,2366,2368,2372,2376,2380,2384,2386,2388
89,2390,2392,2394,2396,2398,2400,2402,2404,2406,2408,2410,2412,2416,2424,2432
90,2440,2442,2444,2446,2447,2448,2450,2452,2454,2456,2458,2460,2462,2464,2465
91,2469,2471,2473,2475,2477,2479,2481,2485,2487,2491,2493,2497,2501,2503,2505
92,2507,2508,2509,2510,2511,2512,2513,2514,2515,2516,2517,2519,2521,2523,2525
93,2527,2531,2533,2535,2536,2537,2538,2539,2540,2541,2542,2543,2544,2545,2546
94,2547,2548,2549,2550,2551,2552,2553,2554,2555,2556,2557,2558,2560,2561,2563
95,2565,2567,2569,2571,2573,2575,2577,2579,2581,2583,2585,2586,2588,2589,2590
96,2591,2592,2593,2594,2595,2596,2597,2598,2599,2600,2602,2604,2606,2608,2610
97,2612,2616,2620,2624,2626,2628,2630,2631,2632,2633,2635,2637,2639,2641,2643
98,2645,2647,2649,2651,2653,2655,2656,2658,2659,2660,2661,2662,2663,2664,2666
99,2668,2669,2670,2671,2672,2673,2674,2675,2676,2677,2678,2679,2680,2681,2682
100,2684,2685,2686,2687,2688,2690,2692,2694,2696,2698,2699,2700,2701,2702,2703
101,2704,2708,2712,2716,2720,2722,2726,2727,2729,2730,2732,2734,2736,2738,2740
102,2742,2744,2746,2750,2754,2762,2770,2778,2786,2794,2798,2800,2804,2806,2808
103,2810,2811,2812,2813,2814,2815,2816,2817,2818,2819,2820,2821,2822,2824,2826
104,2830,2832,2833,2834,2835,2836,2837,2838,2839,2840,2841,2842,2843,2844,2846
105,2848,2850,2852,2854,2855,2857,2858,2860,2861,2863,2865,2867,2869,2871,2873
106,2875,2877,2879,2881,2883,2885,2886,2888,2889,2890,2891,2892,2893,2894,2895
107,2896,2897,2898,2899,2900,2901,2902,2903,2904,2905,2906,2907,2909,2911,2913
108,2915,2919,2923,2925,2927,2928,2929,2930,2931,2932,2933,2934,2935,2936,2937
109,2938,2939,2940,2941,2942,2944,2948,2950,2954,2958,2962,2966,2968,2970,2972
110,2976,2977,2978,2979,2980,2981,2982,2983,2985,2986,2988,2992,2996,3000,3004
111,3008,3009,3010,3011,3013,3017,3021,3025,3029,3033,3037,3039,3040,3041,3042
112,3043,3045,3047,3049,3051,3053,3055,3056,3057,3058,3060,3062,3064,3066,3068
113,3070,3071,3073,3075,3077,3079,3083,3087,3091,3093,3097,3101,3105,3109,3113
114,3117,3121,3125,3129,3133,3135,3136,3137,3139,3141,3143,3145,3147,3149,3151
115,3153,3161,3165,3167,3169,3171,3173,3175,3177,3179,3181,3182,3183,3184,3185
116,3186,3187,3189,3190,3192,3194,3196,3198,3200,3202,3204,3206,3208,3210,3214
117,3218,3220,3222,3224,3226,3228,3229,3230,3231,3232,3234,3235,3237,3239,3241
118,3243,3244,3245,3246,3247,3248,3249,3250,3251,3252,3253,3254,3255,3256,3257
119,3258,3259,3261,3263,3265,3267,3269,3271,3273,3275,3277,3279,3281,3283,3285
120,3287,3289,3291,3293,3295,3297,3298,3299,3300,3301,3302,3303,3304,3305,3306
121,3307,3308,3309,3310,3311,3312,3313,3314,3315,3316,3317,3318,3320,3321,3323
122,3324,3326,3328,3330,3332,3334,3335,3336,3337,3338,3339,3340,3342,3344,3346
123,3348,3350,3352,3354,3356,3358,3359,3360,3361,3362,3363,3364,3365,3366,3367
124,3368,3370,3372,3376,3380,3382,3384,3386,3388,3390,3392,3393,3394,3395,3396
125,3397,3399,3400,3402,3403,3405,3407,3409,3411,3413,3415,3417,3419,3421,3423
126,3424,3425,3426,3427,3428,3429,3430,3431,3432,3433,3434,3435,3436,3437,3438
127,3439,3441,3442,3444,3446,3450,3452,3456,3458,3460,3462,3464,3466,3468,3470
128,3472,3476,3478,3480,3482,3484,3485,3486,3487,3488,3489,3490,3491,3492,3493
129,3494,3495,3496,3497,3498,3499,3503,3505,3509,3513,3517,3521,3523,3527,3529
130,3531,3533,3535,3537,3539,3541,3543,3547,3551,3559,3567,3575,3583,3591,3599
131,3603,3604,3605,3606,3607,3608,3610,3611,3613,3615,3617,3619,3621,3623,3624
132,3628,3629,3630,3631,3632,3633,3635,3637,3639,3641,3643,3645,3646,3647,3648
133,3650,3652,3654,3655,3656,3657,3658,3659,3660,3661,3663,3665,3667,3669,3671
134,3673,3674,3675,3676,3677,3678,3679,3681,3683,3685,3689,3693,3697,3701,3705
135,3707,3709,3710,3711,3712,3713,3714,3715,3716,3717,3719,3720,3722,3724,3726
136,3728,3732,3736,3738,3740,3742,3743,3744,3745,3746,3747,3748,3749,3750,3751
137,3752,3754,3756,3758,3759,3761,3762,3764,3766,3770,3774,3778,3782,3786,3790
138,3794,3795,3797,3799,3801,3803,3805,3807,3809,3811,3813,3815,3817,3819,3820
139,3822,3823,3824,3825,3826,3827,3828,3829,3830,3831,3832,3833,3834,3835,3836
140,3838,3839,3840,3841,3842,3843,3844,3845,3846,3847,3849,3851,3853,3855,3857
141,3859,3860,3861,3862,3863,3864,3865,3866,3867,3868,3869,3870,3872,3874,3876
142,3878,3879,3880,3881,3882,3883,3884,3885,3886,3887,3888,3889,3890,3891,3892
143,3893,3894,3896,3898,3900,3904,3908,3912,3916,3920,3922,3924,3926,3928,3930
144,3932,3933,3934,3935,3936,3937,3938,3939,3940,3941,3942,3943,3944,3945,3947
145,3949,3950,3951,3952,3953,3954,3955,3957,3958,3960,3962,3964,3966,3968,3970
146,3972,3973,3974,3975,3976,3977,3978,3979,3980,3981,3982,3983,3984,3985,3986
147,3987,3989,3991,3993,3995,3997,3999,4001,4003,4005,4006,4008,4009,4013,4014
148,4018,4019,4020,4021,4022,4023,4024,4025,4026,4027,4028,4029,4030,4031,4032
149,4033,4035,4037,4039,4041,4043,4044,4045,4046,4047,4048,4049,4050,4051,4052
150,4053,4055,4057,4059,4061,4063,4065,4067,4069,4070,4071,4072,4073,4074,4075
151,4076,4078,4080,4082,4083,4084,4085,4087,4089,4091,4093,4095,4097,4099,4101
152,4103,4107,4111,4113,4115,4117,4119,4121,4123,4125,4126,4128,4129,4130,4131
153,4132,4134,4138,4140,4144,4146,4150,4154,4158,4160,4162,4164,4166,4168,4169
154,4171,4172,4174,4176,4178,4180,4182,4184,4186,4187,4188,4189,4190,4191,4192
155,4193,4195,4197,4199,4201,4203,4205,4207,4209,4211,4213,4217,4221,4223,4227
156,4231,4235,4239,4243,4247,4251,4255,4257,4258,4259,4260,4261,4262,4263,4264
157,4265,4267,4269,4271,4273,4275,4279,4281,4285,4287,4291,4292,4294,4295,4296
158,4297,4298,4299,4300,4302,4304,4306,4308,4310,4312,4313,4315,4316,4318,4320
159,4322,4323,4324,4325,4326,4327,4328,4329,4330,4331,4332,4333,4334,4336,4338
160,4340,4341,4342,4343,4344,4345,4346,4347,4349,4351,4353,4355,4357,4359,4361
161,4362,4363,4365,4369,4371,4375,4379,4383,4387,4391,4395,4396,4397,4398,4399
162,4400,4402,4404,4406,4407,4409,4410,4412,4414,4416,4418,4422,4426,4428,4430
163,4432,4434,4436,4438,4440,4441,4442,4443,4444,4446,4448,4450,4452,4454,4456
164,4458,4459,4460,4461,4462,4463,4464,4465,4466,4467,4468,4470,4472,4474,4476
165,4478,4480,4482,4484,4486,4488,4490,4492,4494,4498,4502,4510,4518,4526,4530
166,4534,4538,4546,4550,4558,4560,4562,4563,4564,4565,4566,4567,4568,4569,4570
167,4571,4573,4575,4577,4579,4581,4583,4585,4587,4588,4590,4591,4593,4597,4601
168,4605,4609,4613,4615,4617,4619,4621,4623,4625,4627,4629,4631,4633,4635,4637
169,4638,4639,4640,4641,4642,4643,4645,4647,4649,4651,4653,4655,4656,4660,4661
170,4663,4664,4666,4668,4670,4672,4674,4676,4677,4678,4680,4681,4682,4683,4684
171,4685,4686,4688,4692,4696,4700,4704,4708,4712,4714,4715,4716,4717,4718,4719
172,4720,4721,4722,4723,4724,4725,4726,4727,4728,4729,4731,4733,4735,4737,4739
173,4741,4743,4745,4747,4748,4749,4750,4751,4752,4753,4754,4755,4756,4757,4758
174,4759,4760,4761,4763,4764,4766,4770,4774,4778,4782,4786,4790,4792,4793,4794
175,4795,4799,4801,4803,4805,4807,4809,4811,4813,4815,4817,4819,4821,4822,4823
176,4824,4826,4827,4828,4829,4830,4831,4832,4834,4836,4838,4840,4842,4844,4846
177,4850,4854,4856,4857,4858,4859,4860,4861,4862,4863,4865,4867,4869,4871,4873
178,4875,4877,4878,4880,4881,4883,4887,4891,4895,4899,4903,4907,4911,4913,4915
179,4917,4918,4919,4920,4921,4922,4924,4925,4927,4931,4935,4939,4943,4947,4951
180,4953,4955,4956,4958,4960,4962,4964,4966,4968,4970,4972,4973,4974,4975,4976
181,4977,4979,4983,4987,4991,4995,4997,4999,5000,5001,5002,5003,5004,5005,5006
182,5007,5008,5010,5011,5012,5013,5014,5015,5016,5017,5018,5019,5020,5021,5022
183,5024,5028,5032,5034,5036,5038,5040,5042,5044,5046,5048,5050,5052,5054,5056
184,5058,5062,5066,5068,5069,5071,5072,5073,5074,5075,5076,5077,5078,5079,5080
185,5081,5083,5085,5087,5089,5091,5093,5095,5096,5098,5099,5100,5101,5102,5103
186,5104,5106,5108,5109,5110,5111,5112,5113,5114,5115,5116,5117,5118,5119,5120
187,5121,5123,5125,5127,5129,5131,5133,5135,5137,5139,5141,5145,5149,5151,5153
188,5155,5156,5158,5159,5163,5167,5171,5175,5179,5183,5185,5187,5189,5191,5193
189,5195,5197,5201,5202,5203,5204,5205,5206,5207,5208,5209,5210,5211,5212,5213
190,5214,5216,5218,5220,5222,5224,5226,5228,5232,5240,5248,5256,5264,5272,5280
191,5284,5285,5286,5287,5288,5289,5290,5291,5292,5293,5294,5296,5298,5300,5302
192,5304,5306,5307,5311,5312,5314,5316,5318,5320,5322,5324,5326,5328,5329,5330
193,5331,5333,5335,5336,5337,5338,5339,5341,5343,5345,5347,5349,5351,5353,5355
194,5357,5359,5361,5363,5365,5366,5367,5368,5369,5370,5371,5372,5374,5375,5376
195,5377,5379,5381,5383,5384,5385,5386,5387,5388,5389,5390,5391,5392,5393,5394
196,5395,5396,5397,5398,5399,5400,5401,5402,5403,5405,5407,5409,5411,5413,5415
197,5417,5419,5421,5423,5425,5427,5429,5431,5433,5434,5438,5442,5446,5450,5454
198,5458,5459,5460,5461,5462,5463,5464,5465,5466,5467,5468,5470,5472,5474,5478
199,5482,5484,5486,5488,5490,5492,5494,5498,5499,5501,5503,5505,5507,5509,5511
200,5513,5514,5515,5516,5517,5519,5520,5522,5526,5530,5534,5538,5542,5544,5546
201,5548,5550,5552,5554,5556,5558,5562,5564,5568,5570,5572,5574,5576,5578,5580
202,5582,5584,5586,5588,5590,5592,5594,5596,5598,5600,5604,5606,5610,5618,5626
203,5634,5635,5637,5638,5640,5642,5644,5646,5648,5650,5652,5654,5656,5658,5660
204,5662,5663,5664,5665,5666,5667,5668,5669,5670,5672,5674,5676,5680,5682,5686
205,5688,5689,5690,5691,5692,5693,5694,5695,5696,5697,5698,5699,5700,5701,5703
206,5705,5706,5707,5708,5709,5710,5711,5712,5714,5715,5717,5718,5719,5720,5721
207,5722,5724,5726,5727,5728,5729,5730,5731,5732,5733,5734,5735,5736,5738,5742
208,5746,5747,5748,5749,5750,5751,5752,5753,5754,5755,5757,5759,5761,5763,5765
209,5767,5769,5771,5773,5775,5777,5778,5780,5782,5784,5786,5788,5792,5796,5800
210,5804,5805,5806,5807,5808,5809,5810,5811,5812,5813,5814,5815,5816,5818,5820
211,5822,5823,5824,5825,5826,5827,5828,5829,5830,5831,5832,5833,5834,5836,5838
212,5840,5841,5843,5844,5845,5846,5847,5848,5849,5850,5851,5852,5854,5856,5858
213,5860,5862,5866,5870,5874,5878,5882,5886,5888,5889,5890,5891,5892,5894,5896
214,5898,5900,5902,5904,5906,5907,5908,5909,5910,5911,5913,5914,5916,5918,5920
215,5922,5924,5926,5930,5934,5938,5942,5946,5950,5952,5954,5956,5958,5960,5962
216,5964,5965,5966,5967,5968,5969,5970,5971,5972,5973,5974,5975,5976,5977,5978
217,5980,5988,5996,6004,6012,6016,6018,6022,6024,6026,6028,6030,6032,6034,6036
218,6038,6042,6044,6046,6048,6050,6052,6054,6056,6058,6060,6062,6064,6066,6068
219,6070,6074,6078,6082,6084,6086,6088,6090,6092,6093,6095,6096,6098,6100,6102
220,6104,6108,6112,6116,6120,6124,6126,6128,6129,6133,6134,6136,6138,6140,6142
221,6144,6148,6152,6156,6160,6162,6164,6166,6168,6170,6171,6173,6174,6176,6178
222,6180,6182,6184,6186,6188,6190,6192,6194,6198,6202,6206,6210,6214,6216,6218
223,6220,6222,6224,6226,6228,6230,6232,6234,6236,6238,6240,6242,6246,6250,6254
224,6258,6259,6261,6263,6265,6267,6269,6271,6273,6275,6277,6279,6280,6282,6283
225,6287,6288,6289,6290,6291,6292,6293,6294,6295,6296,6297,6299,6301,6303,6305
226,6307,6309,6313,6317,6321,6325,6329,6331,6332,6334,6336,6338,6340,6342,6344
227,6346,6347,6349,6351,6355,6359,6363,6367,6371,6373,6375,6376,6377,6378,6379
228,6380,6382,6384,6386,6388,6392,6394,6398,6400,6404,6408,6412,6414,6418,6420
229,6422,6430,6438,6440,6444,6446,6448,6450,6452,6454,6456,6458,6459,6460,6461
230,6462,6470,6478,6482,6486,6490,6492,6494,6496,6498,6500,6502,6504,6506,6508
231,6510,6512,6514,6516,6518,6520,6522,6524,6526,6527,6528,6529,6530,6532,6534
232,6536,6537,6541,6543,6545,6547,6549,6551,6553,6554,6555,6556,6557,6558,6559
233,6560,6562,6563,6565,6566,6568,6569,6571,6573,6577,6581,6585,6589,6593,6597
234,6599,6600,6601,6603,6605,6607,6609,6611,6613,6615,6617,6619,6621,6623,6625
235,6627,6629,6633,6637,6639,6643,6645,6649,6653,6657,6661,6665,6669,6671,6672
236,6673,6675,6677,6678,6680,6681,6682,6683,6684,6685,6686,6687,6688,6689,6690
237,6691,6693,6694,6696,6700,6704,6708,6712,6716,6718,6720,6721,6722,6723,6724
238,6725,6727,6729,6731,6733,6735,6736,6737,6738,6739,6740,6741,6742,6743,6744
239,6745,6746,6747,6748,6749,6750,6751,6753,6757,6761,6765,6769,6773,6777,6779
240,6780,6781,6782,6783,6784,6785,6786,6787,6788,6789,6790,6791,6792,6793,6794
241,6795,6796,6797,6798,6799,6800,6801,6802,6803,6805,6806,6808,6810,6812,6814
242,6818,6822,6826,6830,6834,6836,6837,6839,6840,6841,6842,6843,6844,6845,6846
243,6847,6848,6849,6850,6851,6852,6854,6858,6862,6866,6870,6874,6876,6878,6880
244,6881,6885,6889,6893,6897,6901,6903,6904,6905,6906,6907,6908,6909,6910,6911
245,6912,6913,6914,6915,6916,6917,6918,6919,6920,6921,6922,6924,6925,6926,6928
246,6932,6934,6935,6936,6937,6938,6939,6940,6941,6943,6945,6947,6949,6951,6953
247,6954,6955,6956,6957,6958,6959,6960,6962,6966,6970,6974,6978,6982,6983,6985
248,6986,6988,6990,6992,6994,6996,6998,7000,7002,7004,7006,7008,7012,7014,7018
249,7026,7028,7030,7032,7034,7036,7038,7039,7041,7042,7043,7044,7046,7050,7054
